sim_time,vehicle_id,vehicle_type,tls_id,lane_id,position,speed,priority_granted,phase_index,note,actual_delay
13,t1B3-b2739-sl4.0,bus,GS_cluster_444570416_7059565461,755844281#0_0,42.600969809728525,0.029900752656242983,yes,0,green granted after 3s,3
25,t1B3-b2739-sl4.0,bus,GS_cluster_444570416_7059565461,755844281#0_0,47.09938823563684,2.2447568947682157,yes,0,green granted after 3s,3
27,1,DEFAULT_VEHTYPE,GS_cluster_123583539_939854594,-13435460#9_0,257.7677249558474,0.39838657738263034,yes,2,green granted after 3s,3
31,12,DEFAULT_VEHTYPE,122960160,599510795#3_0,52.40875450200401,11.839489571144803,yes,0,green granted after 3s,3
35,t1B3-b2739-sl4.0,bus,GS_cluster_444570416_7059565461,755844281#0_1,58.160160220965594,0.0,yes,0,green granted after 3s,3
41,12,DEFAULT_VEHTYPE,122804862,604060313_0,2.9021430760190157,5.948879774680714,yes,0,green granted after 3s,3
52,10,DEFAULT_VEHTYPE,123155447,405276988#6_0,0.7199879585506039,7.775841826190089,yes,4,green granted after 3s,3
62,23,DEFAULT_VEHTYPE,GS_cluster_444570416_7059565461,-1257699425#1_0,3.918626261280905,0.0018324618568208106,yes,4,green granted after 3s,3
62,4,DEFAULT_VEHTYPE,123155447,1063161984_0,18.318954488267774,7.32026742293965,yes,0,green granted after 3s,3
65,12,DEFAULT_VEHTYPE,cluster_268162626_7464757606_939854537,604060314#5_0,88.16072936208079,2.574158200710249,yes,2,green granted after 3s,3
75,2,DEFAULT_VEHTYPE,123284068,-406259780#0_0,19.617595993969804,15.663203705497308,yes,0,green granted after 3s,3
75,17,DEFAULT_VEHTYPE,5703666296,1194285983#0_0,21.70843473117229,8.518508793972433,yes,0,green granted after 3s,3
75,t1B3-b2739-sl4.0,bus,cluster_322079583_7059565429_7059565430_7059565458,755844263_0,6.211943511291786,2.947404022794217,yes,0,green granted after 3s,3
78,11,DEFAULT_VEHTYPE,123155447,405276988#6_0,77.02607684328014,8.70799039511867,yes,4,green granted after 3s,3
86,2,DEFAULT_VEHTYPE,122793100,-406259069_0,2.4506045455731176,12.414278811761521,yes,0,green granted after 3s,3
90,30,DEFAULT_VEHTYPE,GS_cluster_7059565448_7059565449_7464757604_939854561,755844260#0_0,33.32217730892915,3.0593394891303523,yes,4,green granted after 3s,3
92,13,DEFAULT_VEHTYPE,122793092,406264569#0_2,7.009479141621817,7.86319661634043,yes,6,green granted after 3s,3
96,24,DEFAULT_VEHTYPE,122793100,1051736211#16_0,4.666252224424589,6.110203798563465,yes,2,green granted after 3s,3
98,1,DEFAULT_VEHTYPE,GS_cluster_343596914_939854645,406258116#0_0,8.34834823548996,6.43768021196612,yes,0,green granted after 3s,3
99,t1B3-b2739-sl4.0,bus,cluster_461492468_7059565454,755844262#0_0,29.13320036007557,1.5443168743367877,yes,0,green granted after 3s,3
102,17,DEFAULT_VEHTYPE,122804862,1194285986_0,55.88195091043019,4.626309424072714,yes,2,green granted after 3s,3
103,12,DEFAULT_VEHTYPE,GS_cluster_268161414_5950715985,-4480316#1_1,55.88429743138806,4.573307877181904,yes,4,green granted after 3s,3
108,49,DEFAULT_VEHTYPE,cluster_268162626_7464757606_939854537,604060314#5_0,12.69234993747581,12.99278510637734,yes,2,green granted after 3s,3
109,6,DEFAULT_VEHTYPE,GS_cluster_343596914_939854645,406258116#0_0,22.44920188321977,10.366475523248695,yes,0,green granted after 3s,3
111,28,DEFAULT_VEHTYPE,GS_1166628306,405545577#4_1,31.91051677780319,2.5581241799494157,yes,0,green granted after 3s,3
111,t1B3-b2739-sl4.0,bus,cluster_461492468_7059565454,755844262#0_0,29.53419111104761,0.005768014697929765,yes,0,green granted after 3s,3
119,18,DEFAULT_VEHTYPE,GS_cluster_268161414_5950715985,406234624#0_0,14.19028907966235,14.907374322236457,yes,4,green granted after 3s,3
120,57,DEFAULT_VEHTYPE,122793092,406259061#6_1,0.9571685639977758,9.570373797698348,yes,0,green granted after 3s,3
120,42,DEFAULT_VEHTYPE,cluster_268162626_7464757606_939854537,406242924#0_1,8.890966538492236,10.591946579781242,yes,4,green granted after 3s,3
125,43,DEFAULT_VEHTYPE,122960160,-13345308#15_0,54.7541897528318,0.5793998441581926,yes,2,green granted after 3s,3
127,28,DEFAULT_VEHTYPE,268161337,604060296#1_1,57.019945169860506,3.812660731005378,yes,2,green granted after 3s,3
127,29,DEFAULT_VEHTYPE,GS_cluster_122793088_856214935,-406259065#2_1,35.39531160095708,0.30409565205911404,yes,0,green granted after 3s,3
129,30,DEFAULT_VEHTYPE,GS_cluster_268161414_5950715985,1065518636#0_2,40.69570153314248,0.8436593854189987,yes,0,green granted after 3s,3
130,17,DEFAULT_VEHTYPE,cluster_268162626_7464757606_939854537,604060314#5_0,88.2193070710972,1.644545862707214,yes,2,green granted after 3s,3
132,8,DEFAULT_VEHTYPE,GS_1166628306,405545577#4_1,31.11282333786245,4.225511739933674,yes,0,green granted after 3s,3
133,55,DEFAULT_VEHTYPE,GS_cluster_444570416_7059565461,406232658#0_2,24.345394275788763,0.4798816971287833,yes,0,green granted after 3s,3
135,64,DEFAULT_VEHTYPE,cluster_322079583_7059565429_7059565430_7059565458,406232660_2,3.444604622530343,4.928984984870665,yes,0,green granted after 3s,3
138,43,DEFAULT_VEHTYPE,cluster_122966911_7059565450,-599510795#2_0,49.224218779135796,6.275007311498447,yes,4,green granted after 3s,3
147,13,DEFAULT_VEHTYPE,122793100,406259066_0,22.00494810790971,0.29122205719960864,yes,0,green granted after 3s,3
147,66,DEFAULT_VEHTYPE,cluster_461492468_7059565454,406232643#0_0,5.442394201983184,5.904136613397345,yes,0,green granted after 3s,3
148,8,DEFAULT_VEHTYPE,268161337,604060296#1_1,8.916281810926165,13.510741621667055,yes,2,green granted after 3s,3
149,49,DEFAULT_VEHTYPE,GS_cluster_268161414_5950715985,-4480316#1_1,5.446584428451949,10.474787260989844,yes,4,green granted after 3s,3
150,48,DEFAULT_VEHTYPE,cluster_322079583_7059565429_7059565430_7059565458,755844258#2_0,3.293005733691924,5.334170144618265,yes,4,green granted after 3s,3
151,t1B3-b2739-sl4.0,bus,cluster_122966911_7059565450,755844261#0_0,40.44347254253552,2.568959361063475,yes,0,green granted after 3s,3
154,18,DEFAULT_VEHTYPE,GS_cluster_7059565448_7059565449_7464757604_939854561,406233349#0_1,16.284986111244812,12.403971703423537,yes,4,green granted after 3s,3
156,9,DEFAULT_VEHTYPE,GS_1166628306,405545577#4_1,4.088717020024539,8.929645204878508,yes,0,green granted after 3s,3
157,58,DEFAULT_VEHTYPE,cluster_1429750612_1429750625,406231989_0,37.80305460626595,0.5770991816580079,yes,0,green granted after 3s,3
162,76,DEFAULT_VEHTYPE,123155447,1063161984_0,1.6685994916548985,21.152343719918285,yes,0,green granted after 3s,3
167,32,DEFAULT_VEHTYPE,GS_cluster_123583539_939854594,406241587#7_0,53.73249449768239,30.99306550722958,yes,0,green granted after 3s,3
171,9,DEFAULT_VEHTYPE,268161337,604060296#1_1,10.438279314596961,15.959916497548365,yes,2,green granted after 3s,3
171,t163-b2736-sl4.0,bus,268161552,604060297_0,84.93291720296813,4.8363346476480515,yes,0,green granted after 3s,3
171,48,DEFAULT_VEHTYPE,cluster_461492468_7059565454,755844262#0_0,28.291828264408785,1.6676984244032769,yes,0,green granted after 3s,3
172,1,DEFAULT_VEHTYPE,cluster_11500662930_268161351_268161547,-412227861_1,0.9114219641865731,13.005465473580694,yes,5,green granted after 3s,3
173,49,DEFAULT_VEHTYPE,2030551464,640278675_1,16.450073275384746,7.370253043006222,yes,0,green granted after 3s,3
174,17,DEFAULT_VEHTYPE,GS_cluster_268161414_5950715985,-4480316#1_1,57.33316577907745,3.0908781402055845,yes,4,green granted after 3s,3
175,73,DEFAULT_VEHTYPE,122793100,406259066_0,22.05262314039889,0.2511006801948794,yes,0,green granted after 3s,3
176,4,DEFAULT_VEHTYPE,GS_1166628306,405545577#4_1,31.367100681728374,4.603950295914267,yes,0,green granted after 3s,3
176,58,DEFAULT_VEHTYPE,GS_cluster_444570416_7059565461,755844281#0_1,56.94847636891072,1.5010150203072392,yes,0,green granted after 3s,3
176,2,DEFAULT_VEHTYPE,122793092,-406259063#1_0,18.546608551478595,7.773156157042832,yes,0,green granted after 3s,3
180,29,DEFAULT_VEHTYPE,GS_cluster_343596914_939854645,1020225870#0_2,2.4088278928677944,8.103673965972849,yes,2,green granted after 3s,3
183,75,DEFAULT_VEHTYPE,5703666296,1194285983#0_0,19.658517556137234,7.853889098460787,yes,0,green granted after 3s,3
184,18,DEFAULT_VEHTYPE,cluster_122966911_7059565450,406232641#0_0,45.45150389547087,3.281800234115133,yes,0,green granted after 3s,3
185,69,DEFAULT_VEHTYPE,123155447,-406219018_0,27.5147469307204,4.324960470186429,yes,0,green granted after 3s,3
187,62,DEFAULT_VEHTYPE,cluster_268162626_7464757606_939854537,406242924#0_1,16.1490689950703,6.937219308596105,yes,4,green granted after 3s,3
189,91,DEFAULT_VEHTYPE,cluster_322079583_7059565429_7059565430_7059565458,755844263_2,1.4164292844187818,3.935313961311504,yes,0,green granted after 3s,3
191,4,DEFAULT_VEHTYPE,268161337,604060296#1_1,56.4356387941073,6.224729015935281,yes,2,green granted after 3s,3
191,37,DEFAULT_VEHTYPE,GS_1166628306,405545577#4_1,31.127312478732343,4.84232534516973,yes,0,green granted after 3s,3
197,87,DEFAULT_VEHTYPE,123155447,405276988#6_0,83.19654328396491,9.021004433481282,yes,4,green granted after 3s,3
197,1,DEFAULT_VEHTYPE,268161552,334631554#0_2,375.87875513489666,5.4798884469575295,yes,2,green granted after 3s,3
198,83,DEFAULT_VEHTYPE,GS_cluster_343596914_939854645,1020225870#0_0,23.586751567939444,5.106292237929853,yes,0,green granted after 3s,3
198,17,DEFAULT_VEHTYPE,2030551464,640278675_1,26.926381597272233,10.519731284033933,yes,0,green granted after 3s,3
199,92,DEFAULT_VEHTYPE,1166628271,101001204_1,179.2441083890479,6.6808908889746474,yes,0,green granted after 3s,3
200,2,DEFAULT_VEHTYPE,GS_cluster_122793088_856214935,-406259065#2_0,36.30894289446529,6.890423638430542,yes,0,green granted after 3s,3
203,t1B3-b2739-sl4.0,bus,GS_cluster_7059565448_7059565449_7464757604_939854561,755844260#0_0,33.57794567108607,0.21610902841333002,yes,4,green granted after 3s,3
205,41,DEFAULT_VEHTYPE,GS_1166628306,405545577#4_1,31.278740760899147,2.232236621121742,yes,0,green granted after 3s,3
206,37,DEFAULT_VEHTYPE,268161337,604060296#1_1,55.12486682106461,7.434474748660819,yes,2,green granted after 3s,3
206,64,DEFAULT_VEHTYPE,cluster_122966911_7059565450,755844261#0_0,40.22846139323624,0.7050643899584683,yes,0,green granted after 3s,3
209,75,DEFAULT_VEHTYPE,122804862,1194285986_0,56.48840079897642,1.115382370598275,yes,2,green granted after 3s,3
210,61,DEFAULT_VEHTYPE,GS_cluster_122793088_856214935,406241596#0_2,42.18424764815346,2.2967613991617952,yes,4,green granted after 3s,3
210,91,DEFAULT_VEHTYPE,GS_cluster_444570416_7059565461,406232658#0_0,4.7547804608449304,5.550716593424641,yes,0,green granted after 3s,3
211,78,DEFAULT_VEHTYPE,GS_cluster_268161414_5950715985,406234624#0_0,73.93372185086923,4.022518514501833,yes,4,green granted after 3s,3
211,12,DEFAULT_VEHTYPE,cluster_11500662930_268161351_268161547,405546347#0_0,18.904358042752996,8.039779436459725,yes,0,green granted after 3s,3
212,44,DEFAULT_VEHTYPE,1166628271,604060294#0_3,13.957768364915488,19.948131306807202,yes,2,green granted after 3s,3
214,58,DEFAULT_VEHTYPE,cluster_322079583_7059565429_7059565430_7059565458,755844263_0,16.76211376634471,7.287464274372907,yes,0,green granted after 3s,3
218,83,DEFAULT_VEHTYPE,GS_cluster_343596914_939854645,1020225870#0_2,0.8815989205812897,7.339477575686761,yes,2,green granted after 3s,3
219,88,DEFAULT_VEHTYPE,GS_cluster_123583539_939854594,406241587#7_0,32.783985115978396,27.676731179468547,yes,0,green granted after 3s,3
221,107,DEFAULT_VEHTYPE,122960160,599510795#3_0,57.576273892656886,8.495538778277112,yes,0,green granted after 3s,3
221,41,DEFAULT_VEHTYPE,268161337,604060296#1_1,53.79265426431772,7.331758617559559,yes,2,green granted after 3s,3
223,59,DEFAULT_VEHTYPE,GS_1166628306,405545577#4_1,32.113008955080055,3.071496546715194,yes,0,green granted after 3s,3
227,103,DEFAULT_VEHTYPE,GS_cluster_7059565448_7059565449_7464757604_939854561,406242646#0_3,11.74029910485904,9.127496935755055,yes,0,green granted after 3s,3
228,26,DEFAULT_VEHTYPE,123155447,-406219018_0,1.7534887030750586,5.509928893355348,yes,0,green granted after 3s,3
230,100,DEFAULT_VEHTYPE,122804862,604060313_0,0.17924057456394138,7.477576895663515,yes,0,green granted after 3s,3
232,58,DEFAULT_VEHTYPE,cluster_461492468_7059565454,755844262#0_0,28.472440014718963,0.18987955857631605,yes,0,green granted after 3s,3
234,12,DEFAULT_VEHTYPE,268161552,334631554#0_0,378.0446320169568,2.2464732109706746,yes,2,green granted after 3s,3
236,61,DEFAULT_VEHTYPE,122793092,406259061#6_0,39.5309562412519,3.5090767569588515,yes,0,green granted after 3s,3
236,75,DEFAULT_VEHTYPE,cluster_268162626_7464757606_939854537,604060314#5_0,88.82911993531603,4.391511919917424,yes,2,green granted after 3s,3
237,48,DEFAULT_VEHTYPE,GS_cluster_7059565448_7059565449_7464757604_939854561,755844260#0_1,32.59122355409525,2.501682537560252,yes,4,green granted after 3s,3
237,28,DEFAULT_VEHTYPE,GS_cluster_343596914_939854645,-406258115#1_0,18.10252940397017,7.594709244044498,yes,4,green granted after 3s,3
238,72,DEFAULT_VEHTYPE,123155447,405276988#6_0,86.23727946100564,6.335828271483116,yes,4,green granted after 3s,3
239,59,DEFAULT_VEHTYPE,268161337,604060296#1_1,57.39983776669577,3.9672916743152857,yes,2,green granted after 3s,3
240,38,DEFAULT_VEHTYPE,cluster_11500662930_268161351_268161547,-412227861_1,19.154549526931454,8.719297234271654,yes,5,green granted after 3s,3
241,118,DEFAULT_VEHTYPE,GS_cluster_123583539_939854594,406241587#7_1,36.1377259765286,11.047344467206857,yes,0,green granted after 3s,3
244,101,DEFAULT_VEHTYPE,GS_1166628306,405545577#4_1,31.405826457877367,4.289519461940312,yes,0,green granted after 3s,3
245,t1B3-b2739-sl4.0,bus,GS_cluster_268161414_5950715985,1065518636#0_0,31.311090916208123,0.2651975988774953,yes,0,green granted after 3s,3
245,96,DEFAULT_VEHTYPE,2030551464,640278675_2,8.065530460355053,5.315236406766697,yes,0,green granted after 3s,3
248,94,DEFAULT_VEHTYPE,122960160,599510795#3_0,7.2096694704061015,17.821914916357777,yes,0,green granted after 3s,3
248,78,DEFAULT_VEHTYPE,GS_cluster_7059565448_7059565449_7464757604_939854561,406233349#0_1,53.75002887418976,0.697861824586321,yes,4,green granted after 3s,3
248,5,DEFAULT_VEHTYPE,GS_cluster_343596914_939854645,-406258115#1_1,4.146867814646043,8.5310394479328,yes,4,green granted after 3s,3
252,12,DEFAULT_VEHTYPE,1166628271,604060294#0_0,32.67429196937416,20.743862505352354,yes,2,green granted after 3s,3
252,100,DEFAULT_VEHTYPE,cluster_268162626_7464757606_939854537,604060314#5_0,88.1117143159393,0.8765099509917312,yes,2,green granted after 3s,3
254,97,DEFAULT_VEHTYPE,cluster_11500662930_268161351_268161547,-412227861_1,1.9970379722619498,14.167844409687222,yes,5,green granted after 3s,3
255,85,DEFAULT_VEHTYPE,5703666296,1194285983#0_0,19.839511919376854,8.423540158779362,yes,0,green granted after 3s,3
256,94,DEFAULT_VEHTYPE,122804862,604060313_0,125.59643586987934,4.773790587026404,yes,0,green granted after 3s,3
257,27,DEFAULT_VEHTYPE,GS_1166628306,405545577#4_1,30.33612736893021,5.7688846027893526,yes,0,green granted after 3s,3
258,103,DEFAULT_VEHTYPE,cluster_122966911_7059565450,406232641#0_0,45.58785346565915,0.9324969954889737,yes,0,green granted after 3s,3
259,96,DEFAULT_VEHTYPE,GS_cluster_268161414_5950715985,630143603_0,31.895841332853344,14.43421434905421,yes,0,green granted after 3s,3
264,38,DEFAULT_VEHTYPE,268161552,334631554#0_3,377.0608952761326,5.504700590882798,yes,2,green granted after 3s,3
268,53,DEFAULT_VEHTYPE,GS_1166628306,405545577#4_1,32.03499706392734,3.9658072519122136,yes,0,green granted after 3s,3
269,57,DEFAULT_VEHTYPE,cluster_461492468_7059565454,406232643#0_1,19.070343401613556,7.6107535848394035,yes,0,green granted after 3s,3
272,27,DEFAULT_VEHTYPE,268161337,604060296#1_1,56.36382675466824,6.376548352757032,yes,2,green granted after 3s,3
275,64,DEFAULT_VEHTYPE,GS_cluster_268161414_5950715985,1065518636#0_2,26.21511008377922,0.041808182582435044,yes,0,green granted after 3s,3
276,74,DEFAULT_VEHTYPE,GS_cluster_343596914_939854645,406258116#0_0,21.567149769251024,9.628576768323065,yes,0,green granted after 3s,3
277,97,DEFAULT_VEHTYPE,268161552,334631554#0_3,376.91001852927354,3.9151079534357294,yes,2,green granted after 3s,3
278,130,DEFAULT_VEHTYPE,GS_cluster_7059565448_7059565449_7464757604_939854561,406233349#0_0,53.711667343825404,1.7991414504497198,yes,4,green granted after 3s,3
279,5,DEFAULT_VEHTYPE,GS_cluster_123583539_939854594,406241587#7_0,57.3668033309592,7.274903438126282,yes,0,green granted after 3s,3
280,38,DEFAULT_VEHTYPE,1166628271,604060294#0_1,215.54066253246856,4.63378020547771,yes,2,green granted after 3s,3
280,78,DEFAULT_VEHTYPE,cluster_122966911_7059565450,406232641#0_0,45.65313475731854,1.9397779215884405,yes,0,green granted after 3s,3
280,120,DEFAULT_VEHTYPE,123155447,1063161984_1,15.096675418212437,9.482041128870888,yes,2,green granted after 3s,3
281,85,DEFAULT_VEHTYPE,122804862,1194285986_0,56.34683791360703,0.6805527878252539,yes,2,green granted after 3s,3
283,53,DEFAULT_VEHTYPE,268161337,604060296#1_1,50.70779552501375,3.813593052207601,yes,2,green granted after 3s,3
285,71,DEFAULT_VEHTYPE,GS_1166628306,405545577#4_1,31.498899105941874,2.183964392711371,yes,0,green granted after 3s,3
285,64,DEFAULT_VEHTYPE,GS_cluster_268161414_5950715985,1065518636#0_2,20.45985378842625,7.1897497042737095,yes,0,green granted after 3s,3
286,111,DEFAULT_VEHTYPE,cluster_322079583_7059565429_7059565430_7059565458,755844263_0,4.279897574066297,9.92194130760425,yes,0,green granted after 3s,3
288,83,DEFAULT_VEHTYPE,cluster_11500662930_268161351_268161547,-412227861_1,11.200930054507639,0.24545076728561016,yes,5,green granted after 3s,3
289,96,DEFAULT_VEHTYPE,GS_cluster_7059565448_7059565449_7464757604_939854561,406233349#0_1,52.94162083911337,2.0726627633477226,yes,4,green granted after 3s,3
289,123,DEFAULT_VEHTYPE,GS_cluster_343596914_939854645,1020225870#0_2,1.841548777995453,6.086244628435067,yes,2,green granted after 3s,3
293,97,DEFAULT_VEHTYPE,1166628271,604060294#0_2,213.1186981677557,5.889025307679088,yes,2,green granted after 3s,3
293,104,DEFAULT_VEHTYPE,122960160,-604060313_0,13.518539162506091,20.773857533870167,yes,0,green granted after 3s,3
295,94,DEFAULT_VEHTYPE,5703666296,-1194285985#1_1,7.5600499040736615,5.069449257292188,yes,0,green granted after 3s,3
295,76,DEFAULT_VEHTYPE,268161337,604060296#1_1,31.648864291334654,14.646714262216731,yes,2,green granted after 3s,3
297,92,DEFAULT_VEHTYPE,GS_1166628306,405545577#4_1,29.986775487770046,5.471416771262234,yes,0,green granted after 3s,3
300,24,DEFAULT_VEHTYPE,cluster_11500662930_268161351_268161547,-412227861_1,0.1321346861561672,12.06649556539338,yes,5,green granted after 3s,3
300,104,DEFAULT_VEHTYPE,cluster_122966911_7059565450,-599510795#2_0,54.14289229851682,7.898647021489998,yes,4,green granted after 3s,3
305,111,DEFAULT_VEHTYPE,cluster_461492468_7059565454,755844262#0_0,17.702534586701894,12.099857633446774,yes,0,green granted after 3s,3
306,124,DEFAULT_VEHTYPE,2030551464,192503236#0_2,18.337143699099716,16.134388197847212,yes,2,green granted after 3s,3
308,9,DEFAULT_VEHTYPE,GS_cluster_343596914_939854645,-406258115#1_0,20.824861175231423,8.768923957133666,yes,4,green granted after 3s,3
308,100,DEFAULT_VEHTYPE,GS_cluster_268161414_5950715985,-4480316#1_1,18.293238239467996,7.51922974009067,yes,4,green granted after 3s,3
312,92,DEFAULT_VEHTYPE,268161337,604060296#1_2,56.06556935606869,5.350806376368087,yes,2,green granted after 3s,3
313,150,DEFAULT_VEHTYPE,GS_cluster_7059565448_7059565449_7464757604_939854561,406242646#0_0,6.605643578956538,6.7285982685048875,yes,0,green granted after 3s,3
317,87,DEFAULT_VEHTYPE,GS_1166628306,405545577#4_1,31.339719922213142,3.8373572325610743,yes,0,green granted after 3s,3
317,130,DEFAULT_VEHTYPE,GS_cluster_123583539_939854594,406242635#2_0,7.331310377776514,16.881045681120867,yes,0,green granted after 3s,3
317,t1B3-b2739-sl4.0,bus,2030551464,640278675_0,6.892285543285599,3.209752290160395,yes,0,green granted after 3s,3
318,83,DEFAULT_VEHTYPE,268161552,334631554#0_2,19.912618343252337,19.76672706718755,yes,2,green granted after 3s,3
319,124,DEFAULT_VEHTYPE,GS_cluster_268161414_5950715985,630143603_1,68.02946967657283,1.9669175075133651,yes,0,green granted after 3s,3
319,96,DEFAULT_VEHTYPE,cluster_122966911_7059565450,406232641#0_0,45.40731598791078,1.4556580526114864,yes,0,green granted after 3s,3
321,86,DEFAULT_VEHTYPE,1166628271,101001204_1,3.995695050879714,5.432110552657023,yes,0,green granted after 3s,3
322,45,DEFAULT_VEHTYPE,GS_cluster_122793088_856214935,406241596#0_2,4.954877549806611,8.956663619380274,yes,4,green granted after 3s,3
327,81,DEFAULT_VEHTYPE,GS_1166628306,405545577#4_1,31.811468433082105,3.7028603468183263,yes,0,green granted after 3s,3
330,127,DEFAULT_VEHTYPE,cluster_461492468_7059565454,-1257699424#2_0,37.93523268715106,1.2855451522599353,yes,4,green granted after 3s,3
331,83,DEFAULT_VEHTYPE,1166628271,604060294#0_2,215.53717325015552,4.002275174593988,yes,2,green granted after 3s,3
331,133,DEFAULT_VEHTYPE,5703666296,1194285983#0_1,9.113609359162082,7.013772587734274,yes,0,green granted after 3s,3
332,36,DEFAULT_VEHTYPE,268161552,334631554#0_3,376.2020171700685,6.073833736523357,yes,2,green granted after 3s,3
333,87,DEFAULT_VEHTYPE,268161337,604060296#1_1,58.28882347710058,2.8439694724783102,yes,2,green granted after 3s,3
333,88,DEFAULT_VEHTYPE,GS_cluster_7059565448_7059565449_7464757604_939854561,406242644#0_3,1.2989397041810058,9.353545335470699,yes,2,green granted after 3s,3
334,112,DEFAULT_VEHTYPE,GS_cluster_343596914_939854645,406258116#0_0,21.838052559692144,9.384433571607762,yes,0,green granted after 3s,3
336,93,DEFAULT_VEHTYPE,123155447,-406219018_0,28.526348156858774,2.2825912908278507,yes,0,green granted after 3s,3
336,4,DEFAULT_VEHTYPE,GS_cluster_123583539_939854594,406241587#7_1,53.73554001378392,9.80576171586787,yes,0,green granted after 3s,3
336,47,DEFAULT_VEHTYPE,cluster_11500662930_268161351_268161547,-412227861_1,11.185116153659223,0.03642902140729279,yes,5,green granted after 3s,3
337,111,DEFAULT_VEHTYPE,cluster_122966911_7059565450,755844261#0_0,40.1529741027308,1.179770052410021,yes,0,green granted after 3s,3
341,84,DEFAULT_VEHTYPE,GS_1166628306,405545577#4_1,32.107555369087045,2.210694707908209,yes,0,green granted after 3s,3
341,100,DEFAULT_VEHTYPE,2030551464,640278675_0,17.303656364732234,7.511220831004904,yes,0,green granted after 3s,3
342,132,DEFAULT_VEHTYPE,GS_cluster_268161414_5950715985,406234624#0_0,74.03856192008683,4.1185921646484935,yes,4,green granted after 3s,3
345,77,DEFAULT_VEHTYPE,268161337,604060296#1_2,55.627035349854765,7.060098329186882,yes,2,green granted after 3s,3
345,160,DEFAULT_VEHTYPE,cluster_1166628477_2761920333,406215688_1,20.652336986722503,26.92767510462081,yes,0,green granted after 3s,3
347,45,DEFAULT_VEHTYPE,122793092,406259061#6_0,3.2306612462299995,15.363774495482485,yes,0,green granted after 3s,3
348,36,DEFAULT_VEHTYPE,1166628271,604060294#0_2,215.60774280771238,4.384567387619946,yes,2,green granted after 3s,3
348,5,DEFAULT_VEHTYPE,cluster_122966911_7059565450,406232641#0_0,45.80626003458762,1.0226035399130506,yes,0,green granted after 3s,3
348,153,DEFAULT_VEHTYPE,GS_cluster_7059565448_7059565449_7464757604_939854561,406242644#0_4,4.4402308855847625,4.63411707694035,yes,2,green granted after 3s,3
350,12,DEFAULT_VEHTYPE,123155447,-406219018_0,28.2871172888598,4.748290830299965,yes,0,green granted after 3s,3
351,133,DEFAULT_VEHTYPE,cluster_461492468_7059565454,-1257699423#2_0,37.63700749963149,4.103432712318254,yes,4,green granted after 3s,3
353,127,DEFAULT_VEHTYPE,5703666296,1257699420#0_0,6.011393900901695,6.630987343738474,yes,4,green granted after 3s,3
356,95,DEFAULT_VEHTYPE,GS_1166628306,405545577#4_1,31.238369552494014,3.405681562614996,yes,0,green granted after 3s,3
357,142,DEFAULT_VEHTYPE,123284068,-406259780#0_0,40.83826343153231,1.9774942492453,yes,0,green granted after 3s,3
357,163,DEFAULT_VEHTYPE,2030551464,192503236#0_2,18.46143593304069,13.778955684930892,yes,2,green granted after 3s,3
357,84,DEFAULT_VEHTYPE,268161337,604060296#1_1,56.86294032258166,4.945731951104499,yes,2,green granted after 3s,3
358,173,DEFAULT_VEHTYPE,cluster_11500662930_268161351_268161547,405545583#0_0,64.61156876787729,6.841089514264836,yes,0,green granted after 3s,3
359,139,DEFAULT_VEHTYPE,GS_cluster_123583539_939854594,13435460#4_0,5.13256913442258,6.930122493929609,yes,2,green granted after 3s,3
361,42,DEFAULT_VEHTYPE,268161552,334631554#0_1,375.58040624802663,4.448732158428839,yes,2,green granted after 3s,3
362,124,DEFAULT_VEHTYPE,GS_cluster_7059565448_7059565449_7464757604_939854561,406233349#0_1,20.327982579865175,13.707710067940855,yes,4,green granted after 3s,3
365,59,DEFAULT_VEHTYPE,GS_cluster_343596914_939854645,-406258115#1_0,18.329793347693347,7.419621906219982,yes,4,green granted after 3s,3
365,150,DEFAULT_VEHTYPE,GS_cluster_268161414_5950715985,1065518636#0_2,16.738695209670137,6.916185270715506,yes,0,green granted after 3s,3
369,77,DEFAULT_VEHTYPE,cluster_11500662930_268161351_268161547,405545583#0_1,16.86564862470906,20.658497703581677,yes,0,green granted after 3s,3
369,21,DEFAULT_VEHTYPE,cluster_461492468_7059565454,406232643#0_1,27.938125866489482,3.0636750685514023,yes,0,green granted after 3s,3
371,144,DEFAULT_VEHTYPE,123155447,405276988#6_0,79.29075804846944,6.337430220023572,yes,4,green granted after 3s,3
372,142,DEFAULT_VEHTYPE,122793100,-406259069_0,21.43806054237275,0.06550916988154873,yes,0,green granted after 3s,3
372,95,DEFAULT_VEHTYPE,268161337,604060296#1_1,56.56759569004085,5.701226923937911,yes,2,green granted after 3s,3
372,177,DEFAULT_VEHTYPE,cluster_268162626_7464757606_939854537,604060314#5_0,88.85020207430401,1.5339524045322173,yes,2,green granted after 3s,3
373,178,DEFAULT_VEHTYPE,1166628271,604060294#0_3,211.6787701998788,7.252038873342116,yes,2,green granted after 3s,3
375,53,DEFAULT_VEHTYPE,GS_cluster_343596914_939854645,-406258115#1_2,6.374891446575559,4.735928721281401,yes,4,green granted after 3s,3
376,182,DEFAULT_VEHTYPE,122804862,-604060314#0_0,100.43121517625964,0.26461105269147206,yes,2,green granted after 3s,3
376,147,DEFAULT_VEHTYPE,123284068,-406259780#0_0,10.200395524539182,11.192071049476192,yes,0,green granted after 3s,3
377,132,DEFAULT_VEHTYPE,GS_cluster_7059565448_7059565449_7464757604_939854561,406233349#0_1,53.72474485530401,0.3117808869925658,yes,4,green granted after 3s,3
378,169,DEFAULT_VEHTYPE,GS_cluster_268161414_5950715985,406234624#0_4,71.20892764019663,6.71885939018545,yes,6,green granted after 3s,3
380,t163-b2736-sl4.0,bus,cluster_11500662930_268161351_268161547,405545583#0_0,64.90178035437802,6.46788796507083,yes,0,green granted after 3s,3
387,5,DEFAULT_VEHTYPE,cluster_461492468_7059565454,406232643#0_1,26.873755510082468,2.1619731467043044,yes,0,green granted after 3s,3
387,142,DEFAULT_VEHTYPE,122793100,-406259069_0,5.098882836700422,8.707491784752348,yes,0,green granted after 3s,3
388,17,DEFAULT_VEHTYPE,268161552,334631554#0_0,377.67907055157326,3.577515518877782,yes,2,green granted after 3s,3
389,187,DEFAULT_VEHTYPE,123284068,-406259780#0_0,41.221587691587395,3.954574900696363,yes,0,green granted after 3s,3
389,124,DEFAULT_VEHTYPE,cluster_122966911_7059565450,406232641#0_0,45.9571846763477,1.5472409469377313,yes,0,green granted after 3s,3
390,50,DEFAULT_VEHTYPE,GS_cluster_268161414_5950715985,1065518636#0_0,19.316146453395355,8.661493794200943,yes,0,green granted after 3s,3
390,150,DEFAULT_VEHTYPE,2030551464,640278675_0,16.8234557708398,7.271163953207962,yes,0,green granted after 3s,3
391,121,DEFAULT_VEHTYPE,cluster_11500662930_268161351_268161547,-412227861_1,3.7179464738290573,0.0,yes,5,green granted after 3s,3
392,29,DEFAULT_VEHTYPE,123155447,-406219018_0,0.8074777253986234,6.92560642277822,yes,0,green granted after 3s,3
397,177,DEFAULT_VEHTYPE,122804862,-604060314#0_0,100.04190479902013,0.4162744049658277,yes,2,green granted after 3s,3
399,192,DEFAULT_VEHTYPE,1166628271,101001204_1,180.4173857586784,8.442153367729595,yes,0,green granted after 3s,3
400,131,DEFAULT_VEHTYPE,GS_1166628306,405545577#4_1,31.121099001308856,4.946665928239044,yes,0,green granted after 3s,3
401,27,DEFAULT_VEHTYPE,GS_cluster_123583539_939854594,406241587#7_0,19.50395878493596,25.19373745280261,yes,0,green granted after 3s,3
401,182,DEFAULT_VEHTYPE,cluster_268162626_7464757606_939854537,604060314#5_0,88.87256607332824,2.9861445623693683,yes,2,green granted after 3s,3
401,4,DEFAULT_VEHTYPE,GS_cluster_7059565448_7059565449_7464757604_939854561,406242644#0_1,17.73886608012144,7.411467286152766,yes,0,green granted after 3s,3
404,187,DEFAULT_VEHTYPE,122793100,-406259069_0,4.364302411806463,5.905046280393998,yes,0,green granted after 3s,3
404,t163-b2736-sl4.0,bus,cluster_11500662930_268161351_268161547,405545583#0_0,67.72876088021118,0.0,yes,0,green granted after 3s,3
405,184,DEFAULT_VEHTYPE,GS_cluster_268161414_5950715985,1065518636#0_2,40.363366828485745,1.5671838241611784,yes,0,green granted after 3s,3
406,175,DEFAULT_VEHTYPE,5703666296,1194285983#0_0,22.334900830941542,9.2822861621622,yes,0,green granted after 3s,3
409,132,DEFAULT_VEHTYPE,cluster_122966911_7059565450,406232641#0_0,45.57214466635325,1.0785358369807931,yes,0,green granted after 3s,3
409,21,DEFAULT_VEHTYPE,cluster_322079583_7059565429_7059565430_7059565458,406232660_0,17.29137724234096,7.112741655763238,yes,0,green granted after 3s,3
410,177,DEFAULT_VEHTYPE,122960160,-604060313_0,123.08214514831876,7.14432744563321,yes,0,green granted after 3s,3
413,195,DEFAULT_VEHTYPE,GS_cluster_7059565448_7059565449_7464757604_939854561,406242646#0_2,11.990998054717757,14.325463196320683,yes,0,green granted after 3s,3
414,112,DEFAULT_VEHTYPE,cluster_11500662930_268161351_268161547,-412227861_1,3.7178774659695737,0.0,yes,5,green granted after 3s,3
414,17,DEFAULT_VEHTYPE,1166628271,604060294#0_0,18.864846259117627,8.13070817433145,yes,2,green granted after 3s,3
414,169,DEFAULT_VEHTYPE,2030551464,640278675_0,17.46734331364205,7.646896929200739,yes,0,green granted after 3s,3
415,131,DEFAULT_VEHTYPE,268161337,604060296#1_1,56.98298130958696,4.562831773238429,yes,2,green granted after 3s,3
416,111,DEFAULT_VEHTYPE,GS_cluster_268161414_5950715985,1065518636#0_2,40.50639191903733,2.936643885852405,yes,0,green granted after 3s,3
417,45,DEFAULT_VEHTYPE,123284068,647912841#1_0,84.09867519838913,0.7493808193466651,yes,0,green granted after 3s,3
418,162,DEFAULT_VEHTYPE,122793100,406259066_0,21.953513267109507,0.33121267526258313,yes,0,green granted after 3s,3
420,118,DEFAULT_VEHTYPE,268161552,334631554#0_3,377.9187703929805,3.8064008305549137,yes,2,green granted after 3s,3
420,177,DEFAULT_VEHTYPE,cluster_122966911_7059565450,-599510795#2_0,48.82337007793362,7.143875423994417,yes,4,green granted after 3s,3
421,4,DEFAULT_VEHTYPE,cluster_268162626_7464757606_939854537,406242924#0_0,23.85301461902365,10.986230634692445,yes,4,green granted after 3s,3
424,71,DEFAULT_VEHTYPE,GS_cluster_343596914_939854645,-406258115#1_0,20.753381927628464,8.79069185559638,yes,4,green granted after 3s,3
424,t163-b2736-sl4.0,bus,cluster_11500662930_268161351_268161547,405545583#0_0,67.98939953939491,0.0,yes,0,green granted after 3s,3
430,21,DEFAULT_VEHTYPE,GS_cluster_444570416_7059565461,406232658#0_0,24.42748795389016,0.08117984439437391,yes,0,green granted after 3s,3
432,186,DEFAULT_VEHTYPE,123284068,-406259780#0_0,40.38801854546784,3.814518873216152,yes,0,green granted after 3s,3
433,175,DEFAULT_VEHTYPE,122804862,1194285986_0,56.14137378659658,3.1960736168466317,yes,2,green granted after 3s,3
433,67,DEFAULT_VEHTYPE,268161552,334631554#0_3,369.1034314677111,4.554550932095323,yes,2,green granted after 3s,3
433,168,DEFAULT_VEHTYPE,GS_1166628306,405545577#4_1,4.832082463633977,8.656605419504412,yes,0,green granted after 3s,3
436,t163-b2736-sl4.0,bus,cluster_11500662930_268161351_268161547,405545583#0_0,67.98939953939491,0.0,yes,0,green granted after 3s,3
438,182,DEFAULT_VEHTYPE,GS_cluster_268161414_5950715985,-4480316#1_1,16.707053326420485,16.052090584231664,yes,4,green granted after 3s,3
438,180,DEFAULT_VEHTYPE,1166628271,101001204_1,8.783963862625543,8.314227625374123,yes,0,green granted after 3s,3
438,184,DEFAULT_VEHTYPE,2030551464,640278675_0,17.180574483192604,7.2243099884130055,yes,0,green granted after 3s,3
440,157,DEFAULT_VEHTYPE,GS_cluster_123583539_939854594,406242635#2_1,9.263434924538423,16.23589126483608,yes,0,green granted after 3s,3
443,142,DEFAULT_VEHTYPE,122793092,-406259063#1_1,4.868827195419901,0.024915704393503334,yes,0,green granted after 3s,3
443,197,DEFAULT_VEHTYPE,GS_cluster_7059565448_7059565449_7464757604_939854561,406233349#0_1,16.538175492612115,7.79209893150255,yes,4,green granted after 3s,3
444,96,DEFAULT_VEHTYPE,122793100,406259066_0,21.129143530215135,1.9168585696859393,yes,0,green granted after 3s,3
444,139,DEFAULT_VEHTYPE,122804862,-604060314#0_0,92.33174936964505,2.323898482116407,yes,2,green granted after 3s,3
444,155,DEFAULT_VEHTYPE,268161552,334631554#0_3,376.8256085862266,4.259053013903013,yes,2,green granted after 3s,3
444,81,DEFAULT_VEHTYPE,GS_cluster_122793088_856214935,406241596#0_2,24.55971643627084,12.819182874846383,yes,4,green granted after 3s,3
446,168,DEFAULT_VEHTYPE,268161337,604060296#1_2,23.329963132343796,19.96543216551363,yes,2,green granted after 3s,3
447,163,DEFAULT_VEHTYPE,cluster_268162626_7464757606_939854537,406234630#0_0,18.092115429886256,7.5955824841512385,yes,2,green granted after 3s,3
448,202,DEFAULT_VEHTYPE,123155447,405276988#6_0,85.61570968229096,6.252313862776806,yes,4,green granted after 3s,3
449,102,DEFAULT_VEHTYPE,cluster_11500662930_268161351_268161547,-412227861_1,3.7179059894871256,0.0,yes,5,green granted after 3s,3
449,21,DEFAULT_VEHTYPE,cluster_1429750612_1429750625,755844259_0,27.871539382325487,2.3371315590904187,yes,0,green granted after 3s,3
451,121,DEFAULT_VEHTYPE,1166628271,604060294#0_1,8.008186904188054,20.700002960046373,yes,2,green granted after 3s,3
451,149,DEFAULT_VEHTYPE,GS_1166628306,405545577#4_1,31.79366926053166,3.5467924577624075,yes,0,green granted after 3s,3
452,219,DEFAULT_VEHTYPE,5703666296,1257699420#0_2,39.37207298663072,1.8050373513141569,yes,4,green granted after 3s,3
452,71,DEFAULT_VEHTYPE,GS_cluster_123583539_939854594,406241587#7_0,56.89549594057813,8.52376268721655,yes,0,green granted after 3s,3
452,77,DEFAULT_VEHTYPE,GS_cluster_268161414_5950715985,406234624#0_3,66.69417423403273,6.087413833695437,yes,6,green granted after 3s,3
458,222,DEFAULT_VEHTYPE,GS_cluster_343596914_939854645,1020225870#0_0,43.67985890137035,27.538142978609546,yes,0,green granted after 3s,3
461,175,DEFAULT_VEHTYPE,cluster_268162626_7464757606_939854537,604060314#5_0,88.59481526937894,1.8332952917424334,yes,2,green granted after 3s,3
462,110,DEFAULT_VEHTYPE,268161552,334631554#0_2,376.53275951078206,3.4903269612560894,yes,2,green granted after 3s,3
462,182,DEFAULT_VEHTYPE,2030551464,640278675_0,0.48625671186739083,7.906035923049785,yes,0,green granted after 3s,3
463,67,DEFAULT_VEHTYPE,1166628271,604060294#0_0,6.490267224444416,17.410935280504063,yes,2,green granted after 3s,3
463,187,DEFAULT_VEHTYPE,122793092,-406259063#1_1,4.877628425242679,0.09794867881446107,yes,0,green granted after 3s,3
463,199,DEFAULT_VEHTYPE,122793100,1051736211#16_0,31.034270727791924,0.36036670518712965,yes,2,green granted after 3s,3
464,201,DEFAULT_VEHTYPE,123155447,405276988#6_0,81.26200648028508,10.2083061623922,yes,4,green granted after 3s,3
465,168,DEFAULT_VEHTYPE,cluster_11500662930_268161351_268161547,405545583#0_1,64.05258979060986,6.287537643637318,yes,0,green granted after 3s,3
465,33,DEFAULT_VEHTYPE,GS_cluster_7059565448_7059565449_7464757604_939854561,406242644#0_1,21.300412472183503,8.670503007783553,yes,0,green granted after 3s,3
466,5,DEFAULT_VEHTYPE,GS_cluster_444570416_7059565461,406232658#0_0,4.134305029486541,8.749694122630173,yes,0,green granted after 3s,3
467,149,DEFAULT_VEHTYPE,268161337,604060296#1_1,56.08251972755272,6.304858039494192,yes,2,green granted after 3s,3
468,178,DEFAULT_VEHTYPE,GS_1166628306,405545577#4_1,31.625481925019642,4.495293309918024,yes,0,green granted after 3s,3
469,211,DEFAULT_VEHTYPE,123284068,-406259780#0_0,8.945294886960424,15.116806087704637,yes,0,green granted after 3s,3
469,142,DEFAULT_VEHTYPE,GS_cluster_122793088_856214935,-406259065#2_3,35.04247232604865,3.1157131235246474,yes,0,green granted after 3s,3
470,191,DEFAULT_VEHTYPE,GS_cluster_268161414_5950715985,1065518636#0_2,12.119684428441555,11.553195297542377,yes,0,green granted after 3s,3
470,197,DEFAULT_VEHTYPE,cluster_122966911_7059565450,406232641#0_0,45.952527781311424,2.851760782923612,yes,0,green granted after 3s,3
474,163,DEFAULT_VEHTYPE,122804862,-604060314#0_0,92.16106433553448,1.4364212436601171,yes,2,green granted after 3s,3
476,116,DEFAULT_VEHTYPE,268161552,334631554#0_3,376.9472089869257,5.5975837711851675,yes,2,green granted after 3s,3
478,145,DEFAULT_VEHTYPE,GS_1166628306,405545577#4_1,31.42441936590577,4.262475128720897,yes,0,green granted after 3s,3
479,100,DEFAULT_VEHTYPE,1166628271,604060294#0_0,215.53191028819575,0.27082419494677246,yes,2,green granted after 3s,3
480,222,DEFAULT_VEHTYPE,GS_cluster_123583539_939854594,406241587#7_0,38.29013808756311,28.943814610429396,yes,0,green granted after 3s,3
481,211,DEFAULT_VEHTYPE,122793100,-406259069_0,21.404131333325708,0.07930634202407638,yes,0,green granted after 3s,3
483,47,DEFAULT_VEHTYPE,123155447,-406219018_0,20.30639253327092,1.4248344532728114,yes,0,green granted after 3s,3
483,178,DEFAULT_VEHTYPE,268161337,604060296#1_1,56.057674013895756,6.215524352889671,yes,2,green granted after 3s,3
483,185,DEFAULT_VEHTYPE,GS_cluster_343596914_939854645,1020225870#0_0,24.29557442688907,2.1008334021569364,yes,0,green granted after 3s,3
484,5,DEFAULT_VEHTYPE,cluster_1429750612_1429750625,755844259_0,28.899331798489207,0.3944708821525609,yes,0,green granted after 3s,3
484,33,DEFAULT_VEHTYPE,cluster_268162626_7464757606_939854537,406242924#0_0,18.58679009123965,10.060878869672953,yes,4,green granted after 3s,3
486,239,DEFAULT_VEHTYPE,cluster_1166628477_2761920333,406215688_1,70.74975153599897,9.914746155715855,yes,0,green granted after 3s,3
489,173,DEFAULT_VEHTYPE,GS_cluster_7059565448_7059565449_7464757604_939854561,406233349#0_1,53.635039347540015,0.701196203782775,yes,4,green granted after 3s,3
489,174,DEFAULT_VEHTYPE,cluster_11500662930_268161351_268161547,-412227861_1,4.959640220005266,1.2559265446711385,yes,5,green granted after 3s,3
490,187,DEFAULT_VEHTYPE,GS_cluster_122793088_856214935,-406259065#2_1,6.49934309280466,6.317939718416669,yes,0,green granted after 3s,3
493,156,DEFAULT_VEHTYPE,268161552,334631554#0_3,370.13020721494587,4.395678219543353,yes,2,green granted after 3s,3
494,145,DEFAULT_VEHTYPE,268161337,604060296#1_2,57.6681637444481,4.325331937215877,yes,2,green granted after 3s,3
494,181,DEFAULT_VEHTYPE,GS_1166628306,405545577#4_1,31.201413393409297,5.296416337870682,yes,0,green granted after 3s,3
499,219,DEFAULT_VEHTYPE,cluster_268162626_7464757606_939854537,604060314#5_0,88.88447308646141,3.3657470489043604,yes,2,green granted after 3s,3
504,228,DEFAULT_VEHTYPE,123155447,-406219018_0,27.79238952908292,2.8757013388974855,yes,0,green granted after 3s,3
504,175,DEFAULT_VEHTYPE,GS_cluster_268161414_5950715985,-4480316#1_1,55.786528360120215,5.413841293517313,yes,4,green granted after 3s,3
505,192,DEFAULT_VEHTYPE,GS_1166628306,405545577#4_1,30.239214614351816,5.006424276125076,yes,0,green granted after 3s,3
505,187,DEFAULT_VEHTYPE,GS_cluster_343596914_939854645,1020225870#0_2,21.658505003271213,13.044923978015856,yes,2,green granted after 3s,3
506,33,DEFAULT_VEHTYPE,122804862,-604060314#0_0,99.82793746909685,1.007437282022524,yes,2,green granted after 3s,3
506,139,DEFAULT_VEHTYPE,5703666296,-1194285985#1_0,0.29110316337012776,10.05813343640137,yes,0,green granted after 3s,3
508,181,DEFAULT_VEHTYPE,268161337,604060296#1_1,49.77137035860156,4.417527150522448,yes,2,green granted after 3s,3
511,116,DEFAULT_VEHTYPE,1166628271,604060294#0_0,215.64072506979664,2.0171213665655383,yes,2,green granted after 3s,3
512,75,DEFAULT_VEHTYPE,cluster_11500662930_268161351_268161547,24672459#0_0,18.57043198131724,7.934727777447551,yes,9,green granted after 3s,3
514,185,DEFAULT_VEHTYPE,GS_cluster_123583539_939854594,406241587#7_0,31.569310903530326,28.487899765542583,yes,0,green granted after 3s,3
514,71,DEFAULT_VEHTYPE,GS_cluster_7059565448_7059565449_7464757604_939854561,406242644#0_0,9.188002264797301,8.643179023498668,yes,0,green granted after 3s,3
515,147,DEFAULT_VEHTYPE,122793092,-406259063#1_0,19.346865657865163,8.012252203631213,yes,0,green granted after 3s,3
516,200,DEFAULT_VEHTYPE,268161552,334631554#0_3,374.73475174538106,7.270365586107035,yes,2,green granted after 3s,3
517,193,DEFAULT_VEHTYPE,123155447,405276988#6_0,84.03273140390779,8.064529804067652,yes,4,green granted after 3s,3
518,84,DEFAULT_VEHTYPE,GS_cluster_343596914_939854645,-406258115#1_0,17.790141726009292,7.425155818928033,yes,4,green granted after 3s,3
518,183,DEFAULT_VEHTYPE,268161337,604060296#1_1,24.91230527442908,13.8654658348041,yes,2,green granted after 3s,3
523,173,DEFAULT_VEHTYPE,cluster_122966911_7059565450,406232641#0_0,13.90248432691475,12.17702033342474,yes,0,green granted after 3s,3
524,247,DEFAULT_VEHTYPE,GS_cluster_268161414_5950715985,-4480316#1_1,56.7903972889958,3.564016925995138,yes,4,green granted after 3s,3
525,154,DEFAULT_VEHTYPE,cluster_1166628477_2761920333,406215694_1,307.15977290200317,6.667187994935876,yes,0,green granted after 3s,3
527,231,DEFAULT_VEHTYPE,GS_cluster_123583539_939854594,13435460#4_0,10.603466359013188,8.164172900473298,yes,2,green granted after 3s,3
527,145,DEFAULT_VEHTYPE,cluster_11500662930_268161351_268161547,405545583#0_1,19.575360769171223,7.889990964946523,yes,0,green granted after 3s,3
528,5,DEFAULT_VEHTYPE,cluster_1429750612_1429750625,755844259_0,13.662563020462365,5.878920210292565,yes,0,green granted after 3s,3
530,159,DEFAULT_VEHTYPE,GS_1166628306,405545577#4_0,15.721672494590244,7.096510195266455,yes,0,green granted after 3s,3
531,200,DEFAULT_VEHTYPE,1166628271,604060294#0_2,212.20279756990507,7.459720090509711,yes,2,green granted after 3s,3
531,243,DEFAULT_VEHTYPE,123155447,1063161984_0,16.250798366006567,6.90232281992212,yes,0,green granted after 3s,3
532,109,DEFAULT_VEHTYPE,GS_cluster_122793088_856214935,406241596#0_2,13.920940420372851,11.681723171218408,yes,4,green granted after 3s,3
535,219,DEFAULT_VEHTYPE,GS_cluster_268161414_5950715985,-4480316#1_1,48.76971051291083,5.210672093273736,yes,4,green granted after 3s,3
535,175,DEFAULT_VEHTYPE,2030551464,640278675_0,17.584009597618305,7.6026931653963405,yes,0,green granted after 3s,3
537,241,DEFAULT_VEHTYPE,cluster_11500662930_268161351_268161547,-412227861_1,3.717864511777434,0.0,yes,5,green granted after 3s,3
537,240,DEFAULT_VEHTYPE,cluster_461492468_7059565454,-1257699423#2_0,37.253048510575674,4.074240170183819,yes,4,green granted after 3s,3
539,71,DEFAULT_VEHTYPE,cluster_122966911_7059565450,406232641#0_0,45.57414496845193,3.080039828072771,yes,0,green granted after 3s,3
542,t1B3-b2739-sl4.0,bus,1166628271,604060294#0_0,215.6430566349076,3.2792654330315023,yes,2,green granted after 3s,3
542,33,DEFAULT_VEHTYPE,5703666296,-1194285985#1_0,8.516649375689205,8.029856931688576,yes,0,green granted after 3s,3
543,159,DEFAULT_VEHTYPE,268161337,604060296#1_1,24.013290693363704,22.50466891800009,yes,2,green granted after 3s,3
546,232,DEFAULT_VEHTYPE,122793092,-406259063#1_1,4.87121430708828,0.06150893317745046,yes,0,green granted after 3s,3
546,147,DEFAULT_VEHTYPE,GS_cluster_122793088_856214935,-406259065#2_0,35.84283404913957,8.88370351063651,yes,0,green granted after 3s,3
547,84,DEFAULT_VEHTYPE,GS_cluster_123583539_939854594,406241587#7_0,31.10260611343363,27.564511230061918,yes,0,green granted after 3s,3
548,215,DEFAULT_VEHTYPE,GS_1166628306,405545577#4_1,31.513650909397754,1.4269097226360614,yes,0,green granted after 3s,3
549,184,DEFAULT_VEHTYPE,268161552,334631554#0_2,374.59664657897895,6.11771754948399,yes,2,green granted after 3s,3
550,262,DEFAULT_VEHTYPE,cluster_11500662930_268161351_268161547,-412227861_1,13.03793786564858,16.245876535112806,yes,5,green granted after 3s,3
555,173,DEFAULT_VEHTYPE,cluster_461492468_7059565454,406232643#0_2,17.64307171178802,11.33805665452645,yes,0,green granted after 3s,3
557,109,DEFAULT_VEHTYPE,122793092,406259061#6_0,39.475456540413234,0.5707404094802838,yes,0,green granted after 3s,3
558,253,DEFAULT_VEHTYPE,cluster_268162626_7464757606_939854537,406242924#0_1,16.688431414861707,7.527585254516454,yes,4,green granted after 3s,3
559,247,DEFAULT_VEHTYPE,2030551464,640278675_1,2.4241289351544353,8.156190550050358,yes,0,green granted after 3s,3
562,270,DEFAULT_VEHTYPE,268161337,604060296#1_1,1.8061899092174585,19.20809149741649,yes,2,green granted after 3s,3
563,239,DEFAULT_VEHTYPE,GS_1166628306,405545577#4_1,31.78203047984838,3.114816181795317,yes,0,green granted after 3s,3
564,224,DEFAULT_VEHTYPE,1166628271,604060294#0_1,215.08624514945598,5.043934861140308,yes,2,green granted after 3s,3
564,147,DEFAULT_VEHTYPE,GS_cluster_343596914_939854645,1020225870#0_2,0.44586237966560915,7.890913711645439,yes,2,green granted after 3s,3
565,186,DEFAULT_VEHTYPE,GS_cluster_122793088_856214935,-406259065#2_0,10.06598941389485,8.233360984246248,yes,0,green granted after 3s,3
565,154,DEFAULT_VEHTYPE,cluster_1166628477_2761920333,406215694_0,7.974260897295201,8.035969216772356,yes,0,green granted after 3s,3
566,t163-b2736-sl4.0,bus,GS_cluster_268161414_5950715985,406234624#0_0,74.13026197807488,3.894222572939249,yes,4,green granted after 3s,3
567,216,DEFAULT_VEHTYPE,122804862,1194285986_0,56.565486604847,1.5860587808154438,yes,2,green granted after 3s,3
567,140,DEFAULT_VEHTYPE,268161552,334631554#0_2,377.3095054950266,4.178915859109837,yes,2,green granted after 3s,3
568,187,DEFAULT_VEHTYPE,cluster_11500662930_268161351_268161547,-412227861_1,11.09955587823456,0.9312543183839854,yes,5,green granted after 3s,3
574,84,DEFAULT_VEHTYPE,GS_cluster_7059565448_7059565449_7464757604_939854561,406242644#0_0,11.048634212669453,7.927569072321727,yes,0,green granted after 3s,3
577,273,DEFAULT_VEHTYPE,GS_cluster_268161414_5950715985,406234624#0_4,8.335175766755256,8.447921464644724,yes,6,green granted after 3s,3
577,165,DEFAULT_VEHTYPE,GS_cluster_343596914_939854645,-406258115#1_0,17.6497622677332,7.7959418836515395,yes,4,green granted after 3s,3
578,202,DEFAULT_VEHTYPE,268161337,604060296#1_2,57.67825307263611,4.893774247933276,yes,2,green granted after 3s,3
578,199,DEFAULT_VEHTYPE,GS_cluster_122793088_856214935,-406259065#2_0,27.80660303888409,2.4017254641449988,yes,0,green granted after 3s,3
578,276,DEFAULT_VEHTYPE,5703666296,-1194285985#1_1,5.761441042000204,3.804048296661973,yes,0,green granted after 3s,3
580,262,DEFAULT_VEHTYPE,1166628271,604060294#0_3,212.44103843376783,6.115963747024551,yes,2,green granted after 3s,3
580,173,DEFAULT_VEHTYPE,cluster_322079583_7059565429_7059565430_7059565458,406232660_1,20.239910027365823,8.640804648320874,yes,0,green granted after 3s,3
581,110,DEFAULT_VEHTYPE,123155447,-406219018_0,26.868237486563935,4.815250054828508,yes,0,green granted after 3s,3
582,214,DEFAULT_VEHTYPE,cluster_11500662930_268161351_268161547,405545583#0_1,66.47711299459077,4.104425445397334,yes,0,green granted after 3s,3
589,279,DEFAULT_VEHTYPE,cluster_268162626_7464757606_939854537,406234630#0_0,16.486556933556116,7.713395420857705,yes,2,green granted after 3s,3
589,154,DEFAULT_VEHTYPE,joinedS_12468495890_cluster_268162697_2761920568,406215613#0_0,8.869967915859448,22.378927790410646,yes,0,green granted after 3s,3
590,252,DEFAULT_VEHTYPE,GS_cluster_123583539_939854594,406241587#7_0,56.707915557881755,8.562877345390682,yes,0,green granted after 3s,3
590,253,DEFAULT_VEHTYPE,GS_cluster_268161414_5950715985,-4480316#1_1,54.92837466820783,6.544413264094976,yes,4,green granted after 3s,3
592,179,DEFAULT_VEHTYPE,GS_cluster_343596914_939854645,-406258115#1_2,1.9151632299710943,2.389245724381581,yes,4,green granted after 3s,3
597,187,DEFAULT_VEHTYPE,268161552,334631554#0_3,375.53325010677827,6.331126311557097,yes,2,green granted after 3s,3
597,201,DEFAULT_VEHTYPE,GS_1166628306,405545577#4_1,14.588313633114787,17.20802556529871,yes,0,green granted after 3s,3
598,48,DEFAULT_VEHTYPE,123155447,-406219018_0,27.9915781566184,2.2967501466977334,yes,0,green granted after 3s,3
600,292,DEFAULT_VEHTYPE,GS_cluster_268161414_5950715985,1065518636#0_2,40.63556840654738,2.1506724335984915,yes,0,green granted after 3s,3
600,84,DEFAULT_VEHTYPE,cluster_122966911_7059565450,406232641#0_2,4.203515075846575,7.8177943387540125,yes,0,green granted after 3s,3
600,211,DEFAULT_VEHTYPE,GS_cluster_122793088_856214935,-406259065#2_0,7.966076856722457,7.036819884763644,yes,0,green granted after 3s,3
601,173,DEFAULT_VEHTYPE,GS_cluster_444570416_7059565461,406232658#0_2,5.709911089487433,5.63090632005775,yes,0,green granted after 3s,3
601,246,DEFAULT_VEHTYPE,cluster_461492468_7059565454,-1257699424#2_0,4.0703828003266835,9.048305548043366,yes,4,green granted after 3s,3
606,276,DEFAULT_VEHTYPE,122804862,1194285986_0,56.19039466368127,3.4703537642335593,yes,2,green granted after 3s,3
606,165,DEFAULT_VEHTYPE,GS_cluster_123583539_939854594,406241587#7_1,57.72068571609593,7.551627974775073,yes,0,green granted after 3s,3
607,217,DEFAULT_VEHTYPE,cluster_11500662930_268161351_268161547,-412227861_1,3.6755552428656397,0.044572299322865945,yes,5,green granted after 3s,3
607,109,DEFAULT_VEHTYPE,122793092,406259061#6_0,18.86384615106178,7.524650864908473,yes,0,green granted after 3s,3
608,237,DEFAULT_VEHTYPE,GS_1166628306,405545577#4_1,33.73172534573091,22.2016682335966,yes,0,green granted after 3s,3
608,273,DEFAULT_VEHTYPE,2030551464,640278675_0,15.718315366028506,7.108649878087454,yes,0,green granted after 3s,3
609,201,DEFAULT_VEHTYPE,268161337,604060296#1_1,3.145358046125004,16.69345997273686,yes,2,green granted after 3s,3
610,84,DEFAULT_VEHTYPE,122960160,599510795#3_0,64.0573950010843,6.323038060463272,yes,0,green granted after 3s,3
610,191,DEFAULT_VEHTYPE,268161552,334631554#0_0,377.86518705745317,0.7867785274018573,yes,2,green granted after 3s,3
613,187,DEFAULT_VEHTYPE,1166628271,604060294#0_1,215.4441715298505,4.690131800990027,yes,2,green granted after 3s,3
617,279,DEFAULT_VEHTYPE,122804862,-604060314#0_0,99.71134535461496,4.1727533519201,yes,2,green granted after 3s,3
619,281,DEFAULT_VEHTYPE,123155447,405276988#6_0,78.46012060481512,7.136398762669966,yes,4,green granted after 3s,3
619,290,DEFAULT_VEHTYPE,GS_cluster_123583539_939854594,-13435460#9_0,10.03301687409026,7.849373685545288,yes,2,green granted after 3s,3
620,293,DEFAULT_VEHTYPE,268161337,-13254895#1_0,115.4472189325388,1.7711199117705119,yes,0,green granted after 3s,3
621,145,DEFAULT_VEHTYPE,GS_cluster_268161414_5950715985,406234624#0_4,73.23764373187211,5.258281411243097,yes,6,green granted after 3s,3
623,246,DEFAULT_VEHTYPE,5703666296,1257699420#0_0,38.4125711313691,2.3063404231571187,yes,4,green granted after 3s,3
624,t163-b2736-sl4.0,bus,GS_cluster_7059565448_7059565449_7464757604_939854561,406233349#0_1,53.47352857397031,1.4307793304380616,yes,4,green granted after 3s,3
624,223,DEFAULT_VEHTYPE,GS_cluster_343596914_939854645,406258116#0_0,17.421714406802053,9.218051704850911,yes,0,green granted after 3s,3
625,182,DEFAULT_VEHTYPE,1166628271,604060294#0_1,214.47082839784676,4.873944498254928,yes,2,green granted after 3s,3
629,282,DEFAULT_VEHTYPE,GS_1166628306,405545577#4_1,31.936569946974338,4.447836678045044,yes,0,green granted after 3s,3
630,279,DEFAULT_VEHTYPE,122960160,-604060313_0,2.38048528265098,10.274979381288558,yes,0,green granted after 3s,3
630,172,DEFAULT_VEHTYPE,GS_cluster_123583539_939854594,406241587#7_0,33.224971642033836,16.934478100505512,yes,0,green granted after 3s,3
631,164,DEFAULT_VEHTYPE,cluster_461492468_7059565454,406232643#0_1,28.092411669407692,0.5081227420528447,yes,0,green granted after 3s,3
631,263,DEFAULT_VEHTYPE,268161337,604060296#1_1,3.001805817062184,7.798542783123967,yes,2,green granted after 3s,3
632,292,DEFAULT_VEHTYPE,2030551464,640278675_0,14.597304806392616,6.506952913617715,yes,0,green granted after 3s,3
634,186,DEFAULT_VEHTYPE,GS_cluster_343596914_939854645,1020225870#0_2,5.134429330870855,8.450218940130435,yes,2,green granted after 3s,3
635,276,DEFAULT_VEHTYPE,cluster_268162626_7464757606_939854537,604060314#5_0,22.567674528710526,12.79991058220297,yes,2,green granted after 3s,3
635,291,DEFAULT_VEHTYPE,cluster_11500662930_268161351_268161547,24672459#0_1,17.19094394561739,7.510111284814775,yes,9,green granted after 3s,3
638,204,DEFAULT_VEHTYPE,268161552,334631554#0_2,377.2166706149147,5.2060806335697905,yes,2,green granted after 3s,3
640,279,DEFAULT_VEHTYPE,cluster_122966911_7059565450,-599510795#2_0,51.580818299070614,5.341980745540315,yes,4,green granted after 3s,3
643,282,DEFAULT_VEHTYPE,268161337,604060296#1_2,55.60679534955197,6.329105624294254,yes,2,green granted after 3s,3
647,231,DEFAULT_VEHTYPE,cluster_11500662930_268161351_268161547,-412227861_1,3.6980372463499664,0.024502436941265675,yes,5,green granted after 3s,3
648,256,DEFAULT_VEHTYPE,GS_1166628306,405545577#4_1,31.26839980930648,2.175132421986387,yes,0,green granted after 3s,3
652,265,DEFAULT_VEHTYPE,123155447,405276988#6_0,78.36929100371702,6.47349338895998,yes,4,green granted after 3s,3
653,217,DEFAULT_VEHTYPE,1166628271,604060294#0_3,214.61368837346052,4.078365360913782,yes,2,green granted after 3s,3
653,322,DEFAULT_VEHTYPE,cluster_1429750612_1429750625,406229147_0,79.3522512000647,5.399117366254643,yes,4,green granted after 3s,3
653,159,DEFAULT_VEHTYPE,GS_cluster_343596914_939854645,-406258115#1_0,18.98589073614876,7.517477167840116,yes,4,green granted after 3s,3
655,311,DEFAULT_VEHTYPE,122804862,1194285986_0,5.555518285744824,7.810013531563333,yes,2,green granted after 3s,3
656,172,DEFAULT_VEHTYPE,GS_cluster_7059565448_7059565449_7464757604_939854561,406242644#0_0,9.290962182031308,8.56730334128853,yes,0,green granted after 3s,3
656,145,DEFAULT_VEHTYPE,2030551464,640278675_0,2.1380404468509795,8.198190385079942,yes,0,green granted after 3s,3
658,227,DEFAULT_VEHTYPE,GS_1166628306,405545577#4_1,20.5571472720946,20.01788582671059,yes,0,green granted after 3s,3
658,216,DEFAULT_VEHTYPE,GS_cluster_268161414_5950715985,-4480316#1_1,15.676296534694217,7.0544774116715425,yes,4,green granted after 3s,3
659,259,DEFAULT_VEHTYPE,cluster_11500662930_268161351_268161547,-412227861_1,14.201368088890323,5.15416637449684,yes,5,green granted after 3s,3
659,288,DEFAULT_VEHTYPE,122793092,-406259063#1_0,22.276125380781583,8.694939772691578,yes,0,green granted after 3s,3
662,240,DEFAULT_VEHTYPE,122793100,406259066_0,21.123700113632715,2.6245880019109613,yes,0,green granted after 3s,3
662,271,DEFAULT_VEHTYPE,268161337,604060296#1_2,2.7093782821975623,11.423509218979822,yes,2,green granted after 3s,3
664,202,DEFAULT_VEHTYPE,GS_cluster_343596914_939854645,-406258115#1_1,16.36292236623646,13.573605582584426,yes,4,green granted after 3s,3
664,164,DEFAULT_VEHTYPE,cluster_461492468_7059565454,406232643#0_1,17.78579712410645,7.245746354688889,yes,0,green granted after 3s,3
669,252,DEFAULT_VEHTYPE,GS_cluster_7059565448_7059565449_7464757604_939854561,406242644#0_3,17.646367284085468,7.237868581339718,yes,2,green granted after 3s,3
670,331,DEFAULT_VEHTYPE,GS_cluster_444570416_7059565461,755844281#0_1,14.25839727395506,12.712999700850636,yes,0,green granted after 3s,3
671,317,DEFAULT_VEHTYPE,2030551464,192503236#0_0,3.393219948295652,5.446326871203787,yes,2,green granted after 3s,3
672,258,DEFAULT_VEHTYPE,268161337,604060296#1_2,17.364770687232294,19.57492786834758,yes,2,green granted after 3s,3
672,214,DEFAULT_VEHTYPE,GS_cluster_268161414_5950715985,406234624#0_4,19.074186927940712,7.757211993718891,yes,6,green granted after 3s,3
673,247,DEFAULT_VEHTYPE,268161552,334631554#0_0,378.05424470667214,0.10569470786822067,yes,2,green granted after 3s,3
676,323,DEFAULT_VEHTYPE,cluster_322079583_7059565429_7059565430_7059565458,406232660_2,2.2688927051332035,4.31158329078643,yes,0,green granted after 3s,3
678,109,DEFAULT_VEHTYPE,123284068,647912841#1_0,83.9994438205529,2.558441393629425,yes,0,green granted after 3s,3
680,213,DEFAULT_VEHTYPE,GS_cluster_122793088_856214935,406241596#0_2,41.56857063572016,2.2555849986861114,yes,4,green granted after 3s,3
680,t163-b2736-sl4.0,bus,cluster_122966911_7059565450,406232641#0_0,45.95669375308403,0.005924360109360741,yes,0,green granted after 3s,3
680,311,DEFAULT_VEHTYPE,cluster_268162626_7464757606_939854537,604060314#5_0,25.629177357018314,14.217695375007429,yes,2,green granted after 3s,3
682,270,DEFAULT_VEHTYPE,GS_cluster_123583539_939854594,406241587#7_1,53.728053043872336,10.263708882075626,yes,0,green granted after 3s,3
684,304,DEFAULT_VEHTYPE,GS_cluster_343596914_939854645,406258116#0_0,19.553322851691483,9.119179010611727,yes,0,green granted after 3s,3
686,320,DEFAULT_VEHTYPE,GS_cluster_268161414_5950715985,1065518636#0_2,22.580529988168337,8.709620279003866,yes,0,green granted after 3s,3
687,196,DEFAULT_VEHTYPE,1166628271,604060294#0_1,4.691551507321577,12.74697096172213,yes,2,green granted after 3s,3
689,259,DEFAULT_VEHTYPE,268161552,334631554#0_2,377.44014405107407,4.545097859783964,yes,2,green granted after 3s,3
689,256,DEFAULT_VEHTYPE,cluster_11500662930_268161351_268161547,405545583#0_1,67.14662441577855,3.311849651530066,yes,0,green granted after 3s,3
696,323,DEFAULT_VEHTYPE,cluster_461492468_7059565454,755844262#0_0,16.302022191011133,12.219551502043352,yes,0,green granted after 3s,3
696,301,DEFAULT_VEHTYPE,123284068,-406259780#0_0,4.626041336467383,7.635078256204725,yes,0,green granted after 3s,3
697,269,DEFAULT_VEHTYPE,GS_cluster_343596914_939854645,406258116#0_0,22.491664521862063,0.0,yes,0,green granted after 3s,3
700,164,DEFAULT_VEHTYPE,cluster_322079583_7059565429_7059565430_7059565458,406232660_0,17.43704066474227,7.225561899761669,yes,0,green granted after 3s,3
701,232,DEFAULT_VEHTYPE,cluster_11500662930_268161351_268161547,-412227861_1,3.6213212206291656,0.1362564516123327,yes,5,green granted after 3s,3
702,255,DEFAULT_VEHTYPE,GS_1166628306,405545577#4_1,30.695364815818312,3.838454816233198,yes,0,green granted after 3s,3
702,252,DEFAULT_VEHTYPE,GS_cluster_268161414_5950715985,1065518636#0_0,40.57717578292292,0.484910944358957,yes,0,green granted after 3s,3
703,336,DEFAULT_VEHTYPE,GS_cluster_7059565448_7059565449_7464757604_939854561,755844260#0_0,33.544532554774534,2.2451214447018675,yes,4,green granted after 3s,3
704,286,DEFAULT_VEHTYPE,cluster_122966911_7059565450,-406264567#2_0,18.676856363103013,7.704364700056613,yes,4,green granted after 3s,3
704,320,DEFAULT_VEHTYPE,2030551464,640278675_1,6.909485946484104,9.242121762333953,yes,0,green granted after 3s,3
705,251,DEFAULT_VEHTYPE,1166628271,604060294#0_2,214.88720558478803,4.84325192109937,yes,2,green granted after 3s,3
706,213,DEFAULT_VEHTYPE,GS_cluster_122793088_856214935,406241596#0_2,18.501826679070504,7.474243651214055,yes,4,green granted after 3s,3
709,301,DEFAULT_VEHTYPE,122793100,-406259069_0,20.309886474967186,1.2053618604753644,yes,0,green granted after 3s,3
709,288,DEFAULT_VEHTYPE,GS_cluster_343596914_939854645,1020225870#0_2,25.6,0.0,yes,2,green granted after 3s,3
712,186,DEFAULT_VEHTYPE,cluster_11500662930_268161351_268161547,-412227861_1,2.5329477016714463,14.19828442693688,yes,5,green granted after 3s,3
713,275,DEFAULT_VEHTYPE,GS_1166628306,405545577#4_1,14.551265320694682,18.73411699695247,yes,0,green granted after 3s,3
713,172,DEFAULT_VEHTYPE,cluster_461492468_7059565454,406232643#0_1,28.13763988819179,0.20905097241159792,yes,0,green granted after 3s,3
714,286,DEFAULT_VEHTYPE,122960160,599510795#3_0,24.515502999719818,23.422646958051423,yes,0,green granted after 3s,3
714,253,DEFAULT_VEHTYPE,268161552,334631554#0_1,377.48325532986416,4.151796479383137,yes,2,green granted after 3s,3
717,236,DEFAULT_VEHTYPE,268161337,604060296#1_2,6.7031467435008985,19.371039293020697,yes,2,green granted after 3s,3
717,311,DEFAULT_VEHTYPE,GS_cluster_268161414_5950715985,-4480316#1_1,56.33909248044328,4.442918438175832,yes,4,green granted after 3s,3
720,286,DEFAULT_VEHTYPE,122804862,604060313_0,1.8732238400623515,7.831521189480236,yes,0,green granted after 3s,3
720,164,DEFAULT_VEHTYPE,GS_cluster_444570416_7059565461,406232658#0_0,24.46647166307853,0.7200477888668092,yes,0,green granted after 3s,3
720,220,DEFAULT_VEHTYPE,GS_cluster_343596914_939854645,-406258115#1_0,17.787297270068812,7.1880984896328295,yes,4,green granted after 3s,3
723,284,DEFAULT_VEHTYPE,GS_cluster_123583539_939854594,406241587#7_0,31.466259710209215,26.09330236949276,yes,0,green granted after 3s,3
727,261,DEFAULT_VEHTYPE,268161337,604060296#1_2,14.62968081981074,18.704481305526972,yes,2,green granted after 3s,3
727,323,DEFAULT_VEHTYPE,cluster_122966911_7059565450,755844261#0_0,40.18807508614007,2.7442252871531085,yes,0,green granted after 3s,3
727,159,DEFAULT_VEHTYPE,GS_cluster_7059565448_7059565449_7464757604_939854561,406242644#0_1,20.1780310624624,7.874237291980534,yes,0,green granted after 3s,3
728,312,DEFAULT_VEHTYPE,123155447,1063161984_0,17.505077317313486,7.694465789967218,yes,0,green granted after 3s,3
730,219,DEFAULT_VEHTYPE,1166628271,604060294#0_0,215.66478380425727,1.0600147542931917,yes,2,green granted after 3s,3
730,230,DEFAULT_VEHTYPE,GS_cluster_343596914_939854645,-406258115#1_1,12.176021080022089,14.307029086776009,yes,4,green granted after 3s,3
731,213,DEFAULT_VEHTYPE,122793092,406259061#6_0,39.64456392914,4.457949069036749,yes,0,green granted after 3s,3
731,290,DEFAULT_VEHTYPE,cluster_11500662930_268161351_268161547,-412227861_1,0.19886950668298908,14.232373283379712,yes,5,green granted after 3s,3
733,223,DEFAULT_VEHTYPE,268161552,334631554#0_2,377.49823476300963,4.70480592407459,yes,2,green granted after 3s,3
