timestamp,vehicle_id,latitude,longitude,trip_id,route_id,stop_id,current_status,current_stop_sequence
2025-06-17T11:09:01,2140,33.94289016723633,-117.98966979980469,t406-b15FB3-sl4,10285,2687,2,2417
2025-06-17T11:09:12,2221,34.010597229003906,-117.96292114257812,t40B-b15FB5-sl4,10285,3035,1,2220
2025-06-17T11:09:42,2221,34.010597229003906,-117.96292114257812,t40B-b15FB5-sl4,10285,3035,1,2220
2025-06-17T11:09:53,2140,33.94131851196289,-117.98553466796875,t406-b15FB3-sl4,10285,2687,1,2417
2025-06-17T11:10:12,2221,34.010597229003906,-117.96292114257812,t40B-b15FB5-sl4,10285,3035,1,2220
2025-06-17T11:10:38,2140,33.94084548950195,-117.98432922363281,t406-b15FB3-sl4,10285,2687,1,2417
2025-06-17T11:10:42,2221,34.010597229003906,-117.96292114257812,t40B-b15FB5-sl4,10285,3035,1,2220
2025-06-17T11:11:24,2140,33.93988800048828,-117.98051452636719,t406-b15FB3-sl4,10285,2688,1,2482
2025-06-17T11:11:12,2221,34.010597229003906,-117.96292114257812,t40B-b15FB5-sl4,10285,3035,1,2220
2025-06-17T11:11:35,2140,33.93989181518555,-117.98013305664062,t406-b15FB3-sl4,10285,2697,0,2537
2025-06-17T11:11:42,2221,34.010597229003906,-117.96292114257812,t40B-b15FB5-sl4,10285,3035,1,2220
2025-06-17T11:25:57,2140,33.92554473876953,-117.96765899658203,t406-b15FB3-sl4,10285,839,0,0
2025-06-17T11:25:54,2321,33.992103576660156,-117.92985534667969,t46A-b15FB4-sl4,10285,2199,1,0
2025-06-17T11:26:27,2140,33.92554473876953,-117.96765899658203,t406-b15FB3-sl4,10285,839,0,0
2025-06-17T11:26:24,2321,33.99211120605469,-117.92985534667969,t46A-b15FB4-sl4,10285,2199,1,0
2025-06-17T11:26:57,2140,33.92554473876953,-117.96765899658203,t406-b15FB3-sl4,10285,839,0,0
2025-06-17T11:26:54,2321,33.99210739135742,-117.92984008789062,t46A-b15FB4-sl4,10285,2199,1,0
2025-06-17T11:27:27,2140,33.92554473876953,-117.96765899658203,t406-b15FB3-sl4,10285,839,0,0
2025-06-17T11:27:24,2321,33.992103576660156,-117.92982482910156,t46A-b15FB4-sl4,10285,2199,1,0
2025-06-17T11:27:57,2140,33.92554473876953,-117.96765899658203,t406-b15FB3-sl4,10285,839,0,0
2025-06-17T11:27:54,2321,33.99211883544922,-117.92982482910156,t46A-b15FB4-sl4,10285,2199,1,0
2025-06-17T11:28:27,2140,33.92554473876953,-117.96765899658203,t406-b15FB3-sl4,10285,839,0,0
2025-06-17T11:28:24,2321,33.992130279541016,-117.92982482910156,t46A-b15FB4-sl4,10285,2199,1,0
2025-06-17T11:28:57,2140,33.92554473876953,-117.96765899658203,t406-b15FB3-sl4,10285,839,0,0
2025-06-17T11:28:54,2321,33.992122650146484,-117.9298324584961,t46A-b15FB4-sl4,10285,2199,1,0
2025-06-17T11:29:27,2140,33.92554473876953,-117.96765899658203,t46F-b15FB3-sl4,10285,,2,0
2025-06-17T11:29:24,2321,33.99211883544922,-117.92984008789062,t46A-b15FB4-sl4,10285,2199,1,0
2025-06-17T11:29:57,2140,33.92554473876953,-117.96765899658203,t46F-b15FB3-sl4,10285,,2,0
2025-06-17T11:29:54,2321,33.992122650146484,-117.92985534667969,t46A-b15FB4-sl4,10285,2199,1,0
2025-06-17T11:30:28,2140,33.92554473876953,-117.96765899658203,t46F-b15FB3-sl4,10285,,2,0
2025-06-17T11:30:24,2321,33.99213409423828,-117.92985534667969,t46A-b15FB4-sl4,10285,2199,1,0
2025-06-17T11:30:58,2140,33.92554473876953,-117.96765899658203,t46F-b15FB3-sl4,10285,,2,0
2025-06-17T11:30:54,2321,33.99211883544922,-117.92984771728516,t46A-b15FB4-sl4,10285,2199,1,0
2025-06-17T11:31:28,2140,33.92554473876953,-117.96765899658203,t46F-b15FB3-sl4,10285,,2,0
2025-06-17T11:31:24,2321,33.99241256713867,-117.92950439453125,t46A-b15FB4-sl4,10285,2199,1,0
2025-06-17T11:31:58,2140,33.92554473876953,-117.96765899658203,t46F-b15FB3-sl4,10285,,2,0
2025-06-17T11:31:54,2321,33.99331283569336,-117.92865753173828,t46A-b15FB4-sl4,10285,2199,1,0
2025-06-17T11:32:28,2140,33.92554473876953,-117.96765899658203,t46F-b15FB3-sl4,10285,,2,0
2025-06-17T11:32:24,2321,33.99409866333008,-117.92887878417969,t46A-b15FB4-sl4,10285,2199,1,0
2025-06-17T11:32:58,2140,33.92554473876953,-117.96765899658203,t46F-b15FB3-sl4,10285,,2,0
2025-06-17T11:33:24,2321,33.9947395324707,-117.92906951904297,t46A-b15FB4-sl4,10285,2199,1,0
2025-06-17T11:33:28,2140,33.92554473876953,-117.96765899658203,t46F-b15FB3-sl4,10285,,2,0
2025-06-17T11:33:54,2321,33.99557113647461,-117.92986297607422,t46A-b15FB4-sl4,10285,2199,1,0
2025-06-17T11:34:24,2140,33.92554473876953,-117.96765899658203,t46F-b15FB3-sl4,10285,,2,0
2025-06-17T11:34:24,2321,33.994537353515625,-117.9305191040039,t46A-b15FB4-sl4,10285,2199,1,0
2025-06-17T11:34:54,2140,33.925994873046875,-117.9676742553711,t46F-b15FB3-sl4,10285,,2,0
2025-06-17T11:34:54,2321,33.99346923828125,-117.93079376220703,t46A-b15FB4-sl4,10285,2199,1,0
2025-06-17T11:35:24,2140,33.928104400634766,-117.96770477294922,t46F-b15FB3-sl4,10285,,2,0
2025-06-17T11:35:24,2321,33.9935417175293,-117.9312973022461,t46A-b15FB4-sl4,10285,2199,1,0
2025-06-17T11:35:54,2140,33.9311637878418,-117.96772766113281,t46F-b15FB3-sl4,10285,,2,0
2025-06-17T11:35:58,2321,33.99626922607422,-117.93120574951172,t46A-b15FB4-sl4,10285,2199,1,0
2025-06-17T11:36:24,2140,33.93144989013672,-117.96773529052734,t46F-b15FB3-sl4,10285,,2,0
2025-06-17T11:36:28,2321,33.997928619384766,-117.93101501464844,t46A-b15FB4-sl4,10285,1381,2,213
2025-06-17T11:36:58,2321,33.99889373779297,-117.9308853149414,t46A-b15FB4-sl4,10285,1381,2,213
2025-06-17T11:37:23,2140,33.93355178833008,-117.96771240234375,t46F-b15FB3-sl4,10285,839,1,0
2025-06-17T11:37:29,2321,34.00034713745117,-117.9313735961914,t46A-b15FB4-sl4,10285,1381,2,213
2025-06-17T11:37:54,2140,33.93421936035156,-117.96775817871094,t46F-b15FB3-sl4,10285,839,1,0
2025-06-17T11:37:59,2321,34.00035858154297,-117.9314193725586,t46A-b15FB4-sl4,10285,1381,2,213
2025-06-17T11:38:21,2140,33.93694305419922,-117.96786499023438,t46F-b15FB3-sl4,10285,837,1,67
2025-06-17T11:38:29,2321,34.0003547668457,-117.93143463134766,t46A-b15FB4-sl4,10285,1381,0,213
2025-06-17T11:38:40,2321,34.00038146972656,-117.93183135986328,t46A-b15FB4-sl4,10285,1381,0,213
2025-06-17T11:39:09,2140,33.939552307128906,-117.96788024902344,t46F-b15FB3-sl4,10285,2684,1,157
2025-06-17T11:39:24,2321,34.0018310546875,-117.93819427490234,t46A-b15FB4-sl4,10285,1390,1,308
2025-06-17T11:39:39,2140,33.939552307128906,-117.96788024902344,t46F-b15FB3-sl4,10285,2684,1,157
2025-06-17T11:39:42,2321,34.00293731689453,-117.94087219238281,t46A-b15FB4-sl4,10285,1383,0,425
2025-06-17T11:40:09,2140,33.939552307128906,-117.96788024902344,t46F-b15FB3-sl4,10285,2684,1,157
2025-06-17T11:40:35,2321,34.005062103271484,-117.9450912475586,t46A-b15FB4-sl4,10285,1383,1,425
2025-06-17T11:52:18,2140,33.957557678222656,-118.0010757446289,t46F-b15FB3-sl4,10285,1022,2,1080
2025-06-17T11:52:25,2321,33.99269485473633,-117.96878814697266,t46A-b15FB4-sl4,10285,1690,1,1152
2025-06-17T11:52:55,2321,33.99269485473633,-117.96878814697266,t46A-b15FB4-sl4,10285,1690,1,1152
2025-06-17T11:53:16,2140,33.96222686767578,-118.00204467773438,t46F-b15FB3-sl4,10285,1022,1,1080
2025-06-17T11:53:23,2321,33.99211883544922,-117.96881103515625,t46A-b15FB4-sl4,10285,1690,1,1152
2025-06-17T11:53:46,2140,33.965572357177734,-118.00060272216797,t46F-b15FB3-sl4,10285,1002,2,1387
2025-06-17T11:53:57,2321,33.98887634277344,-117.97054290771484,t46A-b15FB4-sl4,10285,1674,1,1231
2025-06-17T11:54:16,2140,33.96735763549805,-117.99592590332031,t46F-b15FB3-sl4,10285,1002,2,1387
2025-06-17T11:54:46,2140,33.96966552734375,-117.99214935302734,t46F-b15FB3-sl4,10285,1002,2,1387
2025-06-17T11:54:52,2321,33.98532485961914,-117.9716796875,t46A-b15FB4-sl4,10285,1676,1,1318
2025-06-17T11:55:16,2140,33.97262191772461,-117.9888687133789,t46F-b15FB3-sl4,10285,1002,2,1387
2025-06-17T11:55:22,2321,33.9821891784668,-117.97314453125,t46A-b15FB4-sl4,10285,1011,2,1440
2025-06-17T11:55:46,2140,33.97550964355469,-117.9839859008789,t46F-b15FB3-sl4,10285,1002,2,1387
2025-06-17T11:55:52,2321,33.981849670410156,-117.9731674194336,t46A-b15FB4-sl4,10285,1011,0,1440
2025-06-17T11:56:07,2140,33.97843551635742,-117.98149871826172,t46F-b15FB3-sl4,10285,995,0,1449
2025-06-17T11:56:22,2321,33.98113250732422,-117.9744873046875,t46A-b15FB4-sl4,10285,1011,0,1440
2025-06-17T11:56:39,2140,33.98075866699219,-117.9762191772461,t46F-b15FB3-sl4,10285,1659,0,1500
2025-06-17T11:56:52,2321,33.98087692260742,-117.97674560546875,t46A-b15FB4-sl4,10285,1011,0,1440
2025-06-17T11:57:26,2140,33.98114776611328,-117.97347259521484,t46F-b15FB3-sl4,10285,1659,1,1500
2025-06-17T11:57:22,2321,33.98088073730469,-117.97673797607422,t46A-b15FB4-sl4,10285,1011,0,1440
2025-06-17T11:57:56,2140,33.98114776611328,-117.97347259521484,t46F-b15FB3-sl4,10285,1659,1,1500
2025-06-17T11:57:52,2321,33.9805793762207,-117.97830963134766,t46A-b15FB4-sl4,10285,1011,0,1440
2025-06-17T11:58:26,2140,33.981689453125,-117.97293853759766,t46F-b15FB3-sl4,10285,1659,1,1500
2025-06-17T11:58:22,2321,33.98036575317383,-117.97898864746094,t46A-b15FB4-sl4,10285,1011,0,1440
2025-06-17T11:58:56,2140,33.981693267822266,-117.97293853759766,t46F-b15FB3-sl4,10285,1659,1,1500
2025-06-17T11:58:52,2321,33.98005294799805,-117.9797134399414,t46A-b15FB4-sl4,10285,1011,0,1440
2025-06-17T11:59:26,2140,33.981693267822266,-117.97293853759766,t46F-b15FB3-sl4,10285,1659,1,1500
2025-06-17T11:59:22,2321,33.979408264160156,-117.98072814941406,t46A-b15FB4-sl4,10285,1011,0,1440
2025-06-17T11:59:56,2140,33.981693267822266,-117.97293853759766,t46F-b15FB3-sl4,10285,1659,1,1500
2025-06-17T11:59:52,2321,33.97878646850586,-117.98138427734375,t46A-b15FB4-sl4,10285,1011,0,1440
2025-06-17T12:00:11,2140,33.982234954833984,-117.97291564941406,t46F-b15FB3-sl4,10285,1659,1,1500
2025-06-17T12:00:22,2321,33.9764289855957,-117.98339080810547,t46A-b15FB4-sl4,10285,1011,0,1440
2025-06-17T12:00:57,2140,33.98691940307617,-117.9709243774414,t46F-b15FB3-sl4,10285,1675,1,1620
2025-06-17T12:00:52,2321,33.97389221191406,-117.98664093017578,t46A-b15FB4-sl4,10285,1011,0,1440
2025-06-17T12:01:26,2140,33.98999786376953,-117.96979522705078,t46F-b15FB3-sl4,10285,1673,1,1696
2025-06-17T12:01:22,2321,33.97089767456055,-117.99105072021484,t46A-b15FB4-sl4,10285,1011,0,1440
2025-06-17T12:11:23,2140,34.01031494140625,-117.96143341064453,t46F-b15FB3-sl4,10285,3035,1,2220
2025-06-17T12:11:16,2321,33.93990707397461,-117.97977447509766,t46A-b15FB4-sl4,10285,2697,0,2573
2025-06-17T12:11:55,2321,33.93986129760742,-117.97616577148438,t46A-b15FB4-sl4,10285,2697,1,2573
2025-06-17T12:12:14,2140,34.00880432128906,-117.95657348632812,t46F-b15FB3-sl4,10285,1408,1,2308
2025-06-17T12:12:45,2140,34.008575439453125,-117.95576477050781,t46F-b15FB3-sl4,10285,1393,0,2350
2025-06-17T12:12:34,2321,33.93984603881836,-117.9735336303711,t46A-b15FB4-sl4,10285,2691,1,2627
2025-06-17T12:13:06,2140,34.007545471191406,-117.95219421386719,t46F-b15FB3-sl4,10285,1393,1,2350
2025-06-17T12:13:06,2321,33.93983459472656,-117.97279357910156,t46A-b15FB4-sl4,10285,2691,1,2627
2025-06-17T12:13:32,2140,34.00632095336914,-117.94821166992188,t46F-b15FB3-sl4,10285,1382,0,2484
2025-06-17T12:14:23,2140,34.00204086303711,-117.93911743164062,t46F-b15FB3-sl4,10285,1395,1,2553
2025-06-17T12:14:00,2321,33.93973922729492,-117.96829986572266,t46A-b15FB4-sl4,10285,840,1,2717
2025-06-17T12:14:36,2140,34.0012092590332,-117.93677520751953,t46F-b15FB3-sl4,10285,1388,1,2590
2025-06-17T12:14:38,2321,33.93889236450195,-117.96807098388672,t46A-b15FB4-sl4,10285,838,0,2776
2025-06-17T12:15:22,2321,33.93584442138672,-117.96800231933594,t46A-b15FB4-sl4,10285,838,1,2776
2025-06-17T12:16:02,2140,34.000064849853516,-117.93113708496094,t46F-b15FB3-sl4,10285,1380,1,2680
2025-06-17T12:16:15,2140,33.999534606933594,-117.93096160888672,t46F-b15FB3-sl4,10285,1380,1,2680
2025-06-17T12:16:21,2321,33.932125091552734,-117.9678726196289,t46A-b15FB4-sl4,10285,839,0,0
2025-06-17T12:16:45,2140,33.99821090698242,-117.93106079101562,t46F-b15FB3-sl4,10285,2199,2,0
2025-06-17T12:16:51,2321,33.93210220336914,-117.96785736083984,t46A-b15FB4-sl4,10285,839,0,0
2025-06-17T12:17:11,2140,33.995872497558594,-117.93128967285156,t46F-b15FB3-sl4,10285,2199,2,0
2025-06-17T12:17:21,2321,33.93177795410156,-117.96703338623047,t46A-b15FB4-sl4,10285,839,0,0
2025-06-17T12:17:41,2140,33.994667053222656,-117.93144989013672,t46F-b15FB3-sl4,10285,2199,1,0
2025-06-17T12:17:51,2321,33.9317741394043,-117.96684265136719,t46A-b15FB4-sl4,10285,839,0,0
2025-06-17T12:18:11,2140,33.994667053222656,-117.93144989013672,t46F-b15FB3-sl4,10285,2199,1,0
2025-06-17T12:18:21,2321,33.93178176879883,-117.96625518798828,t46A-b15FB4-sl4,10285,839,0,0
2025-06-17T12:18:41,2140,33.99332046508789,-117.93061065673828,t46F-b15FB3-sl4,10285,2199,1,0
2025-06-17T12:18:51,2321,33.93178939819336,-117.961181640625,t46A-b15FB4-sl4,10285,839,0,0
2025-06-17T12:19:11,2140,33.99197006225586,-117.93045806884766,t46F-b15FB3-sl4,10285,2199,1,0
2025-06-17T12:19:21,2321,33.93178939819336,-117.95935821533203,t46A-b15FB4-sl4,10285,839,0,0
2025-06-17T12:19:41,2140,33.99288558959961,-117.92900085449219,t46F-b15FB3-sl4,10285,2199,1,0
2025-06-17T12:19:51,2321,33.928768157958984,-117.95925903320312,t46A-b15FB4-sl4,10285,839,0,0
2025-06-17T12:20:11,2140,33.99406051635742,-117.92884063720703,t46F-b15FB3-sl4,10285,2199,1,0
2025-06-17T12:20:21,2321,33.92668151855469,-117.95926666259766,t46A-b15FB4-sl4,10285,839,0,0
2025-06-17T12:20:41,2140,33.99433898925781,-117.92919921875,t46F-b15FB3-sl4,10285,2199,1,0
2025-06-17T12:20:51,2321,33.9248046875,-117.95928955078125,t46A-b15FB4-sl4,10285,839,0,0
2025-06-17T12:21:11,2140,33.995574951171875,-117.92987060546875,t46F-b15FB3-sl4,10285,2199,1,0
2025-06-17T12:21:21,2321,33.9246711730957,-117.96160125732422,t46A-b15FB4-sl4,10285,839,0,0
2025-06-17T12:22:11,2140,33.992557525634766,-117.93071746826172,t46F-b15FB3-sl4,10285,2199,1,0
2025-06-17T12:21:51,2321,33.92470169067383,-117.96674346923828,t46A-b15FB4-sl4,10285,839,0,0
2025-06-17T12:22:41,2140,33.992156982421875,-117.93017578125,t46F-b15FB3-sl4,10285,2199,1,0
2025-06-17T12:22:21,2321,33.926143646240234,-117.96768951416016,t46A-b15FB4-sl4,10285,839,0,0
2025-06-17T12:22:51,2321,33.92753219604492,-117.96766662597656,t46A-b15FB4-sl4,10285,839,0,0
2025-06-17T12:23:21,2321,33.92753219604492,-117.96763610839844,t46A-b15FB4-sl4,10285,839,0,0
2025-06-17T12:23:51,2321,33.92753601074219,-117.9676513671875,t46A-b15FB4-sl4,10285,839,0,0
2025-06-17T12:24:21,2321,33.92752456665039,-117.96766662597656,t46A-b15FB4-sl4,10285,839,0,0
2025-06-17T12:25:06,2140,33.992156982421875,-117.93017578125,t46F-b15FB3-sl4,10285,2199,1,0
2025-06-17T12:24:51,2321,33.92752456665039,-117.9676513671875,t46A-b15FB4-sl4,10285,839,0,0
2025-06-17T12:25:36,2140,33.992156982421875,-117.93017578125,t46F-b15FB3-sl4,10285,2199,1,0
2025-06-17T12:25:21,2321,33.92753982543945,-117.96765899658203,t46A-b15FB4-sl4,10285,839,0,0
2025-06-17T12:41:06,2140,34.00883483886719,-117.9563217163086,t4CE-b15FB3-sl4,10285,1409,1,603
2025-06-17T12:40:52,2321,33.935359954833984,-117.96780395507812,t4D3-b15FB4-sl4,10285,837,0,67
2025-06-17T12:42:06,2140,34.01025390625,-117.96100616455078,t4CE-b15FB3-sl4,10285,3025,0,720
2025-06-17T12:41:43,2321,33.936893463134766,-117.96788024902344,t4D3-b15FB4-sl4,10285,2684,0,157
2025-06-17T12:48:21,2140,34.00468444824219,-117.96526336669922,t4CE-b15FB3-sl4,10285,1679,0,939
2025-06-17T12:48:41,2321,33.944969177246094,-117.99470520019531,t4D3-b15FB4-sl4,10285,2692,1,670
2025-06-17T12:49:05,2140,34.00105285644531,-117.96654510498047,t4CE-b15FB3-sl4,10285,1679,1,939
2025-06-17T12:48:59,2321,33.94514083862305,-117.99522399902344,t4D3-b15FB4-sl4,10285,2694,2,759
2025-06-17T12:50:37,2140,33.996246337890625,-117.96820068359375,t4CE-b15FB3-sl4,10285,1685,1,1065
2025-06-17T12:50:33,2321,33.94703674316406,-118.00054931640625,t4D3-b15FB4-sl4,10285,1045,0,900
2025-06-17T12:51:14,2140,33.99584197998047,-117.96833038330078,t4CE-b15FB3-sl4,10285,1685,1,1065
2025-06-17T12:51:03,2321,33.94734573364258,-118.0015640258789,t4D3-b15FB4-sl4,10285,1045,0,900
2025-06-17T12:51:48,2140,33.99205017089844,-117.96880340576172,t4CE-b15FB3-sl4,10285,1690,1,1152
2025-06-17T12:51:33,2321,33.94797897338867,-118.0035629272461,t4D3-b15FB4-sl4,10285,1045,0,900
2025-06-17T12:52:22,2140,33.98894119262695,-117.97051239013672,t4CE-b15FB3-sl4,10285,1674,1,1231
2025-06-17T12:52:14,2321,33.948665618896484,-118.005859375,t4D3-b15FB4-sl4,10285,1045,1,900
2025-06-17T12:52:39,2321,33.94922637939453,-118.00617980957031,t4D3-b15FB4-sl4,10285,1045,1,900
2025-06-17T12:53:31,2140,33.9823112487793,-117.9731216430664,t4CE-b15FB3-sl4,10285,1011,2,1440
2025-06-17T12:53:31,2321,33.95452117919922,-118.002685546875,t4D3-b15FB4-sl4,10285,1004,1,977
2025-06-17T12:54:01,2140,33.981075286865234,-117.97429656982422,t4CE-b15FB3-sl4,10285,1011,0,1440
2025-06-17T12:54:01,2321,33.95524215698242,-118.002197265625,t4D3-b15FB4-sl4,10285,1022,2,1080
2025-06-17T12:54:31,2140,33.98086929321289,-117.97671508789062,t4CE-b15FB3-sl4,10285,1011,0,1440
2025-06-17T12:54:31,2321,33.9578857421875,-118.00101470947266,t4D3-b15FB4-sl4,10285,1022,0,1080
2025-06-17T12:55:01,2140,33.98086929321289,-117.97671508789062,t4CE-b15FB3-sl4,10285,1011,0,1440
2025-06-17T12:55:27,2140,33.980865478515625,-117.97674560546875,t4CE-b15FB3-sl4,10285,1011,0,1440
2025-06-17T12:55:17,2321,33.962284088134766,-118.0020523071289,t4D3-b15FB4-sl4,10285,1022,1,1080
2025-06-17T12:55:57,2140,33.980464935302734,-117.97869873046875,t4CE-b15FB3-sl4,10285,1011,0,1440
2025-06-17T12:55:47,2321,33.9656867980957,-118.0003890991211,t4D3-b15FB4-sl4,10285,1002,2,1387
2025-06-17T12:56:27,2140,33.97936248779297,-117.98077392578125,t4CE-b15FB3-sl4,10285,1011,0,1440
2025-06-17T12:56:17,2321,33.96757507324219,-117.9955825805664,t4D3-b15FB4-sl4,10285,1002,2,1387
2025-06-17T12:56:57,2140,33.97669982910156,-117.98316192626953,t4CE-b15FB3-sl4,10285,1011,0,1440
2025-06-17T12:56:47,2321,33.970115661621094,-117.9915771484375,t4D3-b15FB4-sl4,10285,1002,2,1387
2025-06-17T12:57:27,2140,33.97400665283203,-117.9863510131836,t4CE-b15FB3-sl4,10285,1011,0,1440
2025-06-17T12:57:17,2321,33.972999572753906,-117.9881820678711,t4D3-b15FB4-sl4,10285,1002,2,1387
2025-06-17T13:12:38,2140,33.94080352783203,-117.9842300415039,t4CE-b15FB3-sl4,10285,2688,0,2514
2025-06-17T13:12:42,2321,34.00990676879883,-117.96009826660156,t4D3-b15FB4-sl4,10285,1408,0,2308
2025-06-17T13:23:11,2140,33.927913665771484,-117.96771240234375,t4CE-b15FB3-sl4,10285,839,0,0
2025-06-17T13:30:06,2140,33.931304931640625,-117.96771240234375,t4CE-b15FB3-sl4,10285,839,0,0
2025-06-17T13:30:36,2140,33.931304931640625,-117.96771240234375,t537-b15FB3-sl4,10285,,2,0
2025-06-17T13:31:06,2140,33.931304931640625,-117.96771240234375,t537-b15FB3-sl4,10285,,2,0
2025-06-17T13:31:36,2140,33.931304931640625,-117.96771240234375,t537-b15FB3-sl4,10285,,2,0
2025-06-17T13:32:27,2140,33.93134307861328,-117.96771240234375,t537-b15FB3-sl4,10285,,2,0
2025-06-17T13:33:00,2140,33.9315071105957,-117.96773529052734,t537-b15FB3-sl4,10285,,2,0
2025-06-17T13:33:37,2140,33.931549072265625,-117.96773529052734,t537-b15FB3-sl4,10285,,2,0
2025-06-17T13:34:02,2140,33.93338394165039,-117.96773529052734,t537-b15FB3-sl4,10285,839,1,0
2025-06-17T13:34:32,2140,33.93354415893555,-117.96772003173828,t537-b15FB3-sl4,10285,839,1,0
2025-06-17T13:35:02,2140,33.93354415893555,-117.96772003173828,t537-b15FB3-sl4,10285,839,1,0
2025-06-17T13:35:16,2140,33.93430709838867,-117.9677505493164,t537-b15FB3-sl4,10285,837,0,67
2025-06-17T13:36:12,2140,33.938838958740234,-117.96788787841797,t537-b15FB3-sl4,10285,2684,0,157
2025-06-17T13:36:42,2140,33.938838958740234,-117.96788787841797,t537-b15FB3-sl4,10285,2684,0,157
2025-06-17T13:37:12,2140,33.938838958740234,-117.96788787841797,t537-b15FB3-sl4,10285,2684,0,157
2025-06-17T13:37:55,2140,33.93996047973633,-117.96912384033203,t537-b15FB3-sl4,10285,2689,0,227
2025-06-17T13:38:27,2140,33.93996047973633,-117.972900390625,t537-b15FB3-sl4,10285,2696,2,313
2025-06-17T13:39:06,2140,33.93999481201172,-117.97747802734375,t537-b15FB3-sl4,10285,2690,0,366
2025-06-17T13:39:32,2140,33.94002151489258,-117.9803466796875,t537-b15FB3-sl4,10285,2690,1,366
2025-06-17T13:40:02,2140,33.9407844543457,-117.98381042480469,t537-b15FB3-sl4,10285,2686,2,481
2025-06-17T13:40:25,2140,33.941646575927734,-117.986083984375,t537-b15FB3-sl4,10285,2686,1,481
2025-06-17T13:40:55,2140,33.942955017089844,-117.9895248413086,t537-b15FB3-sl4,10285,2692,2,670
2025-06-17T13:41:25,2140,33.94382095336914,-117.99179077148438,t537-b15FB3-sl4,10285,2692,2,670
2025-06-17T13:42:25,2140,33.94429397583008,-117.99304962158203,t537-b15FB3-sl4,10285,2692,2,670
2025-06-17T13:42:08,2152,33.995906829833984,-117.9312973022461,t532-b15FAB-sl4,10285,,2,0
2025-06-17T13:42:38,2152,33.993408203125,-117.93140411376953,t532-b15FAB-sl4,10285,2199,1,0
2025-06-17T13:42:57,2140,33.94470977783203,-117.994140625,t537-b15FB3-sl4,10285,2692,1,670
2025-06-17T13:43:08,2152,33.99265670776367,-117.93008422851562,t532-b15FAB-sl4,10285,2199,1,0
2025-06-17T13:43:57,2140,33.94493103027344,-117.9946517944336,t537-b15FB3-sl4,10285,2692,1,670
2025-06-17T13:43:58,2152,33.994083404541016,-117.92884063720703,t532-b15FAB-sl4,10285,2199,1,0
2025-06-17T13:44:12,2140,33.9449348449707,-117.99465942382812,t537-b15FB3-sl4,10285,2692,1,670
2025-06-17T13:44:13,2152,33.994083404541016,-117.92884063720703,t532-b15FAB-sl4,10285,2199,1,0
2025-06-17T13:44:42,2140,33.9449348449707,-117.99465942382812,t537-b15FB3-sl4,10285,2692,1,670
2025-06-17T13:44:43,2152,33.9949836730957,-117.92906951904297,t532-b15FAB-sl4,10285,2199,1,0
2025-06-17T13:45:20,2140,33.9449348449707,-117.99465942382812,t537-b15FB3-sl4,10285,2692,1,670
2025-06-17T13:45:20,2152,33.994773864746094,-117.93047332763672,t532-b15FAB-sl4,10285,2199,1,0
2025-06-17T13:45:50,2140,33.9449348449707,-117.99465942382812,t537-b15FB3-sl4,10285,2692,1,670
2025-06-17T13:45:50,2152,33.99352264404297,-117.9312744140625,t532-b15FAB-sl4,10285,2199,1,0
2025-06-17T13:46:20,2140,33.9449348449707,-117.99465942382812,t537-b15FB3-sl4,10285,2692,1,670
2025-06-17T13:46:25,2152,33.99626159667969,-117.93119812011719,t532-b15FAB-sl4,10285,2199,1,0
2025-06-17T13:46:20,2210,33.99210739135742,-117.93026733398438,t596-b15FB7-sl4,10285,,2,0
2025-06-17T13:46:41,2140,33.94512939453125,-117.9952392578125,t537-b15FB3-sl4,10285,2694,0,759
2025-06-17T13:46:55,2152,33.99882888793945,-117.9308853149414,t532-b15FAB-sl4,10285,1381,0,213
2025-06-17T13:46:50,2210,33.99211120605469,-117.93026733398438,t596-b15FB7-sl4,10285,,2,0
2025-06-17T13:47:30,2140,33.9466667175293,-117.99947357177734,t537-b15FB3-sl4,10285,2694,1,759
2025-06-17T13:47:20,2210,33.99211502075195,-117.93028259277344,t596-b15FB7-sl4,10285,,2,0
2025-06-17T13:48:00,2140,33.946998596191406,-118.00054168701172,t537-b15FB3-sl4,10285,1045,2,900
2025-06-17T13:47:43,2152,33.99989318847656,-117.93080139160156,t532-b15FAB-sl4,10285,1381,1,213
2025-06-17T13:47:50,2210,33.99211120605469,-117.9302749633789,t596-b15FB7-sl4,10285,,2,0
2025-06-17T13:48:30,2140,33.946998596191406,-118.00054168701172,t537-b15FB3-sl4,10285,1045,2,900
2025-06-17T13:48:13,2152,33.99989318847656,-117.93080139160156,t532-b15FAB-sl4,10285,1381,1,213
2025-06-17T13:48:20,2210,33.99210739135742,-117.93026733398438,t596-b15FB7-sl4,10285,,2,0
2025-06-17T13:49:00,2140,33.94716262817383,-118.00101470947266,t537-b15FB3-sl4,10285,1045,0,900
2025-06-17T13:48:43,2152,33.99989318847656,-117.93080139160156,t532-b15FAB-sl4,10285,1381,1,213
2025-06-17T13:48:50,2210,33.99209213256836,-117.93026733398438,t596-b15FB7-sl4,10285,,2,0
2025-06-17T13:49:30,2140,33.94795227050781,-118.00352478027344,t537-b15FB3-sl4,10285,1045,0,900
2025-06-17T13:49:10,2152,34.0003776550293,-117.9320297241211,t532-b15FAB-sl4,10285,1381,1,213
2025-06-17T13:49:20,2210,33.992095947265625,-117.93026733398438,t596-b15FB7-sl4,10285,,2,0
2025-06-17T13:49:40,2152,34.00043869018555,-117.93289184570312,t532-b15FAB-sl4,10285,1390,0,308
2025-06-17T13:49:50,2210,33.992095947265625,-117.93026733398438,t596-b15FB7-sl4,10285,,2,0
2025-06-17T13:50:12,2140,33.948524475097656,-118.00537872314453,t537-b15FB3-sl4,10285,1045,1,900
2025-06-17T13:50:34,2152,34.00297164916992,-117.94095611572266,t532-b15FAB-sl4,10285,1396,1,350
2025-06-17T13:50:20,2210,33.992103576660156,-117.93025970458984,t596-b15FB7-sl4,10285,,2,0
2025-06-17T13:50:42,2140,33.948665618896484,-118.00581359863281,t537-b15FB3-sl4,10285,1045,1,900
2025-06-17T13:50:59,2152,34.0051155090332,-117.94524383544922,t532-b15FAB-sl4,10285,1387,0,494
2025-06-17T13:50:50,2210,33.992095947265625,-117.93025207519531,t596-b15FB7-sl4,10285,,2,0
2025-06-17T13:51:17,2140,33.94922637939453,-118.00617218017578,t537-b15FB3-sl4,10285,1045,1,900
2025-06-17T13:51:23,2152,34.006839752197266,-117.94952392578125,t532-b15FAB-sl4,10285,2789,0,562
2025-06-17T13:51:20,2210,33.99209213256836,-117.93025207519531,t596-b15FB7-sl4,10285,,2,0
2025-06-17T13:52:08,2140,33.95454788208008,-118.00267791748047,t537-b15FB3-sl4,10285,1004,1,977
2025-06-17T13:51:48,2152,34.00819778442383,-117.95396423339844,t532-b15FAB-sl4,10285,2789,1,562
2025-06-17T13:51:50,2210,33.992103576660156,-117.93025207519531,t596-b15FB7-sl4,10285,,2,0
2025-06-17T13:52:38,2140,33.957828521728516,-118.00102996826172,t537-b15FB3-sl4,10285,1022,2,1080
2025-06-17T13:52:18,2152,34.00848388671875,-117.95494842529297,t532-b15FAB-sl4,10285,1409,1,603
2025-06-17T13:52:20,2210,33.99211883544922,-117.93025207519531,t596-b15FB7-sl4,10285,,2,0
2025-06-17T13:53:05,2152,34.00889205932617,-117.95648193359375,t532-b15FAB-sl4,10285,1409,1,603
2025-06-17T13:52:50,2210,33.99211502075195,-117.93024444580078,t596-b15FB7-sl4,10285,,2,0
2025-06-17T13:53:21,2140,33.96229553222656,-118.00205993652344,t537-b15FB3-sl4,10285,1022,1,1080
2025-06-17T13:53:35,2152,34.01008987426758,-117.96043395996094,t532-b15FAB-sl4,10285,3025,2,720
2025-06-17T13:53:20,2210,33.992103576660156,-117.93025207519531,t596-b15FB7-sl4,10285,,2,0
2025-06-17T13:53:51,2140,33.965850830078125,-118.00015258789062,t537-b15FB3-sl4,10285,1002,2,1387
2025-06-17T13:54:15,2152,34.01070022583008,-117.96253967285156,t532-b15FAB-sl4,10285,3025,1,720
2025-06-17T13:53:50,2210,33.992103576660156,-117.93025970458984,t596-b15FB7-sl4,10285,,2,0
2025-06-17T13:54:21,2140,33.96781539916992,-117.99520111083984,t537-b15FB3-sl4,10285,1002,2,1387
2025-06-17T13:54:45,2152,34.01070022583008,-117.96253967285156,t532-b15FAB-sl4,10285,3025,1,720
2025-06-17T13:54:20,2210,33.992095947265625,-117.93026733398438,t596-b15FB7-sl4,10285,,2,0
2025-06-17T13:54:51,2140,33.970455169677734,-117.9912338256836,t537-b15FB3-sl4,10285,1002,2,1387
2025-06-17T13:55:15,2152,34.01047134399414,-117.96321105957031,t532-b15FAB-sl4,10285,3025,1,720
2025-06-17T13:54:50,2210,33.99209976196289,-117.93028259277344,t596-b15FB7-sl4,10285,,2,0
2025-06-17T13:55:21,2140,33.973304748535156,-117.98756408691406,t537-b15FB3-sl4,10285,1002,2,1387
2025-06-17T13:55:45,2152,34.01007843017578,-117.96332550048828,t532-b15FAB-sl4,10285,3025,1,720
2025-06-17T13:55:20,2210,33.99209976196289,-117.93029022216797,t596-b15FB7-sl4,10285,,2,0
2025-06-17T13:56:08,2140,33.97842025756836,-117.98153686523438,t537-b15FB3-sl4,10285,1002,1,1387
2025-06-17T13:56:15,2152,34.00747299194336,-117.96424102783203,t532-b15FAB-sl4,10285,1693,2,853
2025-06-17T13:56:20,2210,33.99209976196289,-117.93028259277344,t596-b15FB7-sl4,10285,,2,0
2025-06-17T13:56:50,2210,33.992095947265625,-117.93028259277344,t596-b15FB7-sl4,10285,,2,0
2025-06-17T13:56:56,2140,33.98074722290039,-117.9764175415039,t537-b15FB3-sl4,10285,1659,0,1500
2025-06-17T13:57:14,2152,34.004573822021484,-117.96530151367188,t532-b15FAB-sl4,10285,1693,1,853
2025-06-17T13:57:20,2210,33.992095947265625,-117.9302749633789,t596-b15FB7-sl4,10285,,2,0
2025-06-17T13:57:49,2140,33.981136322021484,-117.97357177734375,t537-b15FB3-sl4,10285,1659,1,1500
2025-06-17T13:57:44,2152,34.00092697143555,-117.96660614013672,t532-b15FAB-sl4,10285,1679,1,939
2025-06-17T13:57:50,2210,33.992095947265625,-117.93028259277344,t596-b15FB7-sl4,10285,,2,0
2025-06-17T13:58:19,2140,33.981143951416016,-117.97351837158203,t537-b15FB3-sl4,10285,1659,1,1500
2025-06-17T13:58:20,2210,33.992095947265625,-117.9302749633789,t596-b15FB7-sl4,10285,,2,0
2025-06-17T13:58:49,2140,33.98171615600586,-117.97293090820312,t537-b15FB3-sl4,10285,1659,1,1500
2025-06-17T13:58:44,2152,33.996578216552734,-117.96810913085938,t532-b15FAB-sl4,10285,1685,1,1065
2025-06-17T13:58:50,2210,33.992095947265625,-117.9302749633789,t596-b15FB7-sl4,10285,,2,0
2025-06-17T13:59:19,2140,33.98171615600586,-117.97293090820312,t537-b15FB3-sl4,10285,1659,1,1500
2025-06-17T13:59:14,2152,33.99637985229492,-117.96817779541016,t532-b15FAB-sl4,10285,1685,1,1065
2025-06-17T13:59:20,2210,33.992103576660156,-117.93028259277344,t596-b15FB7-sl4,10285,,2,0
2025-06-17T13:59:49,2140,33.98171615600586,-117.97293090820312,t537-b15FB3-sl4,10285,1659,1,1500
2025-06-17T13:59:44,2152,33.99637985229492,-117.96817779541016,t532-b15FAB-sl4,10285,1685,1,1065
2025-06-17T13:59:50,2210,33.99209976196289,-117.9302749633789,t596-b15FB7-sl4,10285,,2,0
2025-06-17T14:00:15,2140,33.98217010498047,-117.9729232788086,t537-b15FB3-sl4,10285,1659,1,1500
2025-06-17T14:00:14,2152,33.99637985229492,-117.96817779541016,t532-b15FAB-sl4,10285,1685,1,1065
2025-06-17T14:00:20,2210,33.992103576660156,-117.9302749633789,t596-b15FB7-sl4,10285,,2,0
2025-06-17T14:01:00,2140,33.98682403564453,-117.9709701538086,t537-b15FB3-sl4,10285,1675,1,1620
2025-06-17T14:00:44,2152,33.99637985229492,-117.96817779541016,t532-b15FAB-sl4,10285,1685,1,1065
2025-06-17T14:00:50,2210,33.992103576660156,-117.93026733398438,t596-b15FB7-sl4,10285,,2,0
2025-06-17T14:01:30,2140,33.9900016784668,-117.96981048583984,t537-b15FB3-sl4,10285,1673,1,1696
2025-06-17T14:01:13,2152,33.9958381652832,-117.96833801269531,t532-b15FAB-sl4,10285,1685,1,1065
2025-06-17T14:01:20,2210,33.99210739135742,-117.93025970458984,t596-b15FB7-sl4,10285,,2,0
2025-06-17T14:01:48,2152,33.99198913574219,-117.96883392333984,t532-b15FAB-sl4,10285,1674,2,1231
2025-06-17T14:01:50,2210,33.99211502075195,-117.93025970458984,t596-b15FB7-sl4,10285,,2,0
2025-06-17T14:02:17,2140,33.992774963378906,-117.96855926513672,t537-b15FB3-sl4,10285,1689,1,1777
2025-06-17T14:02:15,2152,33.98884201049805,-117.97056579589844,t532-b15FAB-sl4,10285,1676,2,1318
2025-06-17T14:02:20,2210,33.992122650146484,-117.93026733398438,t596-b15FB7-sl4,10285,,2,0
2025-06-17T14:02:37,2140,33.99317932128906,-117.9686050415039,t537-b15FB3-sl4,10285,1684,0,1851
2025-06-17T14:02:59,2152,33.98538589477539,-117.97166442871094,t532-b15FAB-sl4,10285,1676,1,1318
2025-06-17T14:02:51,2210,33.992130279541016,-117.93025970458984,t596-b15FB7-sl4,10285,,2,0
2025-06-17T14:03:22,2140,33.9957275390625,-117.9681396484375,t537-b15FB3-sl4,10285,1684,1,1851
2025-06-17T14:03:29,2152,33.98207092285156,-117.97317504882812,t532-b15FAB-sl4,10285,1011,2,1440
2025-06-17T14:03:21,2210,33.99212646484375,-117.93025970458984,t596-b15FB7-sl4,10285,,2,0
2025-06-17T14:03:38,2140,33.9963493347168,-117.96794128417969,t537-b15FB3-sl4,10285,1684,1,1851
2025-06-17T14:03:59,2152,33.98110580444336,-117.97430419921875,t532-b15FAB-sl4,10285,1011,0,1440
2025-06-17T14:03:51,2210,33.992122650146484,-117.93025970458984,t596-b15FB7-sl4,10285,,2,0
2025-06-17T14:04:33,2140,33.99855422973633,-117.96720886230469,t537-b15FB3-sl4,10285,1672,1,1902
2025-06-17T14:04:29,2152,33.98019790649414,-117.9793701171875,t532-b15FAB-sl4,10285,1011,0,1440
2025-06-17T14:04:21,2210,33.992122650146484,-117.9302749633789,t596-b15FB7-sl4,10285,,2,0
2025-06-17T14:05:01,2140,34.001556396484375,-117.96614837646484,t537-b15FB3-sl4,10285,1678,1,1976
2025-06-17T14:04:59,2152,33.97816848754883,-117.98190307617188,t532-b15FAB-sl4,10285,1011,0,1440
2025-06-17T14:04:51,2210,33.99210739135742,-117.93026733398438,t596-b15FB7-sl4,10285,,2,0
2025-06-17T14:05:29,2152,33.976531982421875,-117.98330688476562,t532-b15FAB-sl4,10285,1011,0,1440
2025-06-17T14:05:21,2210,33.992103576660156,-117.93028259277344,t596-b15FB7-sl4,10285,,2,0
2025-06-17T14:05:54,2140,34.00447463989258,-117.96514892578125,t537-b15FB3-sl4,10285,1692,1,2074
2025-06-17T14:05:59,2152,33.97409439086914,-117.98619079589844,t532-b15FAB-sl4,10285,1011,0,1440
2025-06-17T14:05:51,2210,33.99210739135742,-117.93028259277344,t596-b15FB7-sl4,10285,,2,0
2025-06-17T14:06:24,2140,34.005123138427734,-117.96492767333984,t537-b15FB3-sl4,10285,1692,1,2074
2025-06-17T14:06:29,2152,33.97133255004883,-117.99063110351562,t532-b15FAB-sl4,10285,1011,0,1440
2025-06-17T14:06:21,2210,33.99211502075195,-117.93028259277344,t596-b15FB7-sl4,10285,,2,0
2025-06-17T14:06:54,2140,34.005123138427734,-117.96492767333984,t537-b15FB3-sl4,10285,1692,1,2074
2025-06-17T14:06:59,2152,33.96784973144531,-117.99539184570312,t532-b15FAB-sl4,10285,1011,0,1440
2025-06-17T14:06:51,2210,33.99211502075195,-117.9302749633789,t596-b15FB7-sl4,10285,,2,0
2025-06-17T14:07:24,2140,34.005123138427734,-117.96492767333984,t537-b15FB3-sl4,10285,1692,1,2074
2025-06-17T14:07:29,2152,33.965606689453125,-118.00077056884766,t532-b15FAB-sl4,10285,1011,0,1440
2025-06-17T14:07:21,2210,33.99211502075195,-117.93029022216797,t596-b15FB7-sl4,10285,,2,0
2025-06-17T14:21:52,2140,33.993743896484375,-117.92870330810547,t537-b15FB3-sl4,10285,2199,0,0
2025-06-17T14:25:13,2152,33.93230438232422,-117.96785736083984,t532-b15FAB-sl4,10285,839,1,0
2025-06-17T14:24:58,2210,33.992095947265625,-117.93025207519531,t596-b15FB7-sl4,10285,2199,1,0
2025-06-17T14:28:22,2140,33.99214553833008,-117.93008422851562,t537-b15FB3-sl4,10285,2199,0,0
2025-06-17T14:28:23,2152,33.92654037475586,-117.9592514038086,t532-b15FAB-sl4,10285,837,0,67
2025-06-17T14:27:58,2210,33.99211120605469,-117.93026733398438,t596-b15FB7-sl4,10285,2199,1,0
2025-06-17T14:28:52,2140,33.99214553833008,-117.93008422851562,t537-b15FB3-sl4,10285,2199,0,0
2025-06-17T14:28:53,2152,33.9248046875,-117.95928192138672,t532-b15FAB-sl4,10285,837,0,67
2025-06-17T14:28:28,2210,33.99209976196289,-117.93025970458984,t596-b15FB7-sl4,10285,2199,1,0
2025-06-17T14:29:22,2140,33.99214553833008,-117.93008422851562,t537-b15FB3-sl4,10285,2199,0,0
2025-06-17T14:29:23,2152,33.9246711730957,-117.96238708496094,t532-b15FAB-sl4,10285,837,0,67
2025-06-17T14:28:58,2210,33.992103576660156,-117.93025970458984,t596-b15FB7-sl4,10285,2199,1,0
2025-06-17T14:29:52,2140,33.99214553833008,-117.93008422851562,t537-b15FB3-sl4,10285,2199,0,0
2025-06-17T14:29:53,2152,33.92469024658203,-117.96684265136719,t532-b15FAB-sl4,10285,837,0,67
2025-06-17T14:29:28,2210,33.99209976196289,-117.93025970458984,t596-b15FB7-sl4,10285,2199,1,0
2025-06-17T14:30:22,2140,33.99214553833008,-117.93008422851562,t537-b15FB3-sl4,10285,2199,0,0
2025-06-17T14:30:23,2152,33.92631149291992,-117.96769714355469,t532-b15FAB-sl4,10285,837,0,67
2025-06-17T14:30:28,2210,33.99211502075195,-117.93028259277344,t596-b15FB7-sl4,10285,2199,1,0
2025-06-17T14:30:52,2140,33.99214553833008,-117.93008422851562,t537-b15FB3-sl4,10285,2199,0,0
2025-06-17T14:30:53,2152,33.92810821533203,-117.96770477294922,t532-b15FAB-sl4,10285,837,0,67
2025-06-17T14:30:58,2210,33.99210739135742,-117.93029022216797,t596-b15FB7-sl4,10285,2199,1,0
2025-06-17T14:31:22,2140,33.99214553833008,-117.93008422851562,t537-b15FB3-sl4,10285,2199,0,0
2025-06-17T14:31:23,2152,33.93052673339844,-117.96772766113281,t532-b15FAB-sl4,10285,837,0,67
2025-06-17T14:31:28,2210,33.99210739135742,-117.93028259277344,t596-b15FB7-sl4,10285,2199,1,0
2025-06-17T14:31:52,2140,33.99214553833008,-117.93008422851562,t537-b15FB3-sl4,10285,2199,0,0
2025-06-17T14:31:58,2210,33.99210739135742,-117.9302749633789,t596-b15FB7-sl4,10285,2199,1,0
2025-06-17T14:32:22,2140,33.99214553833008,-117.93008422851562,t537-b15FB3-sl4,10285,2199,0,0
2025-06-17T14:32:26,2152,33.93260955810547,-117.96774291992188,t532-b15FAB-sl4,10285,837,0,67
2025-06-17T14:32:28,2210,33.99210739135742,-117.9302749633789,t596-b15FB7-sl4,10285,2199,1,0
2025-06-17T14:32:52,2140,33.99214553833008,-117.93008422851562,t537-b15FB3-sl4,10285,2199,0,0
2025-06-17T14:32:56,2152,33.93362808227539,-117.96772003173828,t532-b15FAB-sl4,10285,837,0,67
2025-06-17T14:32:58,2210,33.99210739135742,-117.93028259277344,t596-b15FB7-sl4,10285,2199,1,0
2025-06-17T14:33:22,2140,33.99214553833008,-117.93008422851562,t537-b15FB3-sl4,10285,2199,0,0
2025-06-17T14:33:33,2152,33.93436050415039,-117.9677734375,t532-b15FAB-sl4,10285,837,0,67
2025-06-17T14:33:28,2210,33.9931640625,-117.9287109375,t596-b15FB7-sl4,10285,2199,1,0
2025-06-17T14:33:52,2140,33.99214553833008,-117.93008422851562,t5FA-b15FB3-sl4,10285,,2,0
2025-06-17T14:34:00,2152,33.93779373168945,-117.9678726196289,t532-b15FAB-sl4,10285,837,0,67
2025-06-17T14:33:58,2210,33.99396896362305,-117.92878723144531,t596-b15FB7-sl4,10285,2199,1,0
2025-06-17T14:34:22,2140,33.99214553833008,-117.93008422851562,t5FA-b15FB3-sl4,10285,,2,0
2025-06-17T14:34:30,2152,33.939388275146484,-117.9678955078125,t532-b15FAB-sl4,10285,837,0,67
2025-06-17T14:34:28,2210,33.99421691894531,-117.92904663085938,t596-b15FB7-sl4,10285,2199,1,0
2025-06-17T14:34:52,2140,33.99214553833008,-117.93008422851562,t5FA-b15FB3-sl4,10285,,2,0
2025-06-17T14:35:00,2152,33.939388275146484,-117.9678955078125,t532-b15FAB-sl4,10285,837,0,67
2025-06-17T14:34:58,2210,33.995479583740234,-117.92969512939453,t596-b15FB7-sl4,10285,2199,1,0
2025-06-17T14:35:22,2140,33.99214553833008,-117.93008422851562,t5FA-b15FB3-sl4,10285,,2,0
2025-06-17T14:35:30,2152,33.9399528503418,-117.96839904785156,t532-b15FAB-sl4,10285,837,0,67
2025-06-17T14:35:28,2210,33.994163513183594,-117.9305648803711,t596-b15FB7-sl4,10285,2199,1,0
2025-06-17T14:40:53,2140,33.99214553833008,-117.93008422851562,t5FA-b15FB3-sl4,10285,,2,0
2025-06-17T14:41:18,2152,33.94655990600586,-117.99901580810547,t59B-b15FAB-sl4,10285,,2,0
2025-06-17T14:40:58,2210,34.00299835205078,-117.94093322753906,t596-b15FB7-sl4,10285,1383,0,425
2025-06-17T14:41:23,2140,33.99214553833008,-117.93008422851562,t5FA-b15FB3-sl4,10285,,2,0
2025-06-17T14:41:49,2152,33.94655990600586,-117.99901580810547,t59B-b15FAB-sl4,10285,2694,1,759
2025-06-17T14:41:31,2210,34.00505828857422,-117.94509887695312,t596-b15FB7-sl4,10285,1387,0,494
2025-06-17T14:41:53,2140,33.99214553833008,-117.93008422851562,t5FA-b15FB3-sl4,10285,,2,0
2025-06-17T14:42:19,2152,33.94655990600586,-117.99901580810547,t59B-b15FAB-sl4,10285,2694,1,759
2025-06-17T14:41:58,2210,34.00685119628906,-117.94952392578125,t596-b15FB7-sl4,10285,2789,0,562
2025-06-17T14:42:53,2140,33.99214553833008,-117.93008422851562,t5FA-b15FB3-sl4,10285,,2,0
2025-06-17T14:42:49,2152,33.94655990600586,-117.99901580810547,t59B-b15FAB-sl4,10285,2694,1,759
2025-06-17T14:42:26,2210,34.008209228515625,-117.95405578613281,t596-b15FB7-sl4,10285,2789,1,562
2025-06-17T14:43:23,2140,33.99214553833008,-117.93008422851562,t5FA-b15FB3-sl4,10285,,2,0
2025-06-17T14:43:19,2152,33.94655990600586,-117.99901580810547,t59B-b15FAB-sl4,10285,2694,1,759
2025-06-17T14:43:00,2210,34.00885772705078,-117.95643615722656,t596-b15FB7-sl4,10285,1409,1,603
2025-06-17T14:43:53,2140,33.99214553833008,-117.93008422851562,t5FA-b15FB3-sl4,10285,,2,0
2025-06-17T14:43:49,2152,33.94655990600586,-117.99901580810547,t59B-b15FAB-sl4,10285,2694,1,759
2025-06-17T14:43:30,2210,34.00962829589844,-117.95892333984375,t596-b15FB7-sl4,10285,3025,0,720
2025-06-17T14:44:23,2140,33.99214553833008,-117.93008422851562,t5FA-b15FB3-sl4,10285,,2,0
2025-06-17T14:44:20,2152,33.94655990600586,-117.99901580810547,t59B-b15FAB-sl4,10285,2694,1,759
2025-06-17T14:44:00,2210,34.01027297973633,-117.96101379394531,t596-b15FB7-sl4,10285,3025,0,720
2025-06-17T14:44:34,2140,33.99214553833008,-117.93008422851562,t5FA-b15FB3-sl4,10285,,2,0
2025-06-17T14:44:34,2152,33.94655990600586,-117.99901580810547,t59B-b15FAB-sl4,10285,2694,1,759
2025-06-17T14:44:35,2210,34.0106315612793,-117.96231079101562,t596-b15FB7-sl4,10285,3025,0,720
2025-06-17T14:45:26,2140,33.99214553833008,-117.93008422851562,t5FA-b15FB3-sl4,10285,,2,0
2025-06-17T14:45:26,2152,33.94655990600586,-117.99901580810547,t59B-b15FAB-sl4,10285,2694,1,759
2025-06-17T14:45:26,2210,34.01047897338867,-117.9632339477539,t596-b15FB7-sl4,10285,3025,0,720
2025-06-17T14:45:56,2140,33.99214553833008,-117.93008422851562,t5FA-b15FB3-sl4,10285,,2,0
2025-06-17T14:45:56,2152,33.94655990600586,-117.99901580810547,t59B-b15FAB-sl4,10285,2694,1,759
2025-06-17T14:45:47,2210,34.010032653808594,-117.96338653564453,t596-b15FB7-sl4,10285,3025,1,720
2025-06-17T14:46:26,2140,33.99214553833008,-117.93008422851562,t5FA-b15FB3-sl4,10285,,2,0
2025-06-17T14:46:27,2152,33.9466667175293,-117.99942779541016,t59B-b15FAB-sl4,10285,1045,2,900
2025-06-17T14:46:17,2210,34.00861358642578,-117.9638900756836,t596-b15FB7-sl4,10285,1693,2,853
2025-06-17T14:46:56,2140,33.99214553833008,-117.93008422851562,t5FA-b15FB3-sl4,10285,,2,0
2025-06-17T14:46:57,2152,33.94718551635742,-118.00102996826172,t59B-b15FAB-sl4,10285,1045,2,900
2025-06-17T14:47:05,2210,34.00458908081055,-117.9653091430664,t596-b15FB7-sl4,10285,1693,1,853
2025-06-17T14:47:26,2140,33.99214553833008,-117.93008422851562,t5FA-b15FB3-sl4,10285,,2,0
2025-06-17T14:47:27,2152,33.94820785522461,-118.00434112548828,t59B-b15FAB-sl4,10285,1045,2,900
2025-06-17T14:48:02,2152,33.94864273071289,-118.00572204589844,t59B-b15FAB-sl4,10285,1045,1,900
2025-06-17T14:47:58,2210,34.00107955932617,-117.966552734375,t596-b15FB7-sl4,10285,1679,1,939
2025-06-17T14:48:21,2140,33.99214553833008,-117.93008422851562,t5FA-b15FB3-sl4,10285,,2,0
2025-06-17T14:48:32,2152,33.94864273071289,-118.00572204589844,t59B-b15FAB-sl4,10285,1045,1,900
2025-06-17T14:48:28,2210,33.997962951660156,-117.96765899658203,t596-b15FB7-sl4,10285,1685,2,1065
2025-06-17T14:48:51,2140,33.99214553833008,-117.93008422851562,t5FA-b15FB3-sl4,10285,,2,0
2025-06-17T14:49:02,2152,33.94864273071289,-118.00572204589844,t59B-b15FAB-sl4,10285,1045,1,900
2025-06-17T14:48:58,2210,33.99580001831055,-117.9683609008789,t596-b15FB7-sl4,10285,1685,1,1065
